rank,Youtuber,Gender,AGE,subscribers,video views,category,Title,uploads,Country,Country_id
1,T-Series,Male,27,245000000,228000000000,Music,T-Series,20082,India,143001
2,YouTube Movies,Female,23,170000000,0,Film & Animation,youtubemovies,1,United States,143002
3,MrBeast,Male,39,166000000,28368841870,Entertainment,MrBeast,741,United States,143003
4,Cocomelon - Nursery Rhymes,Male,25,162000000,164000000000,Education,Cocomelon - Nursery Rhymes,966,United States,143004
5,SET India,Male,28,159000000,148000000000,Shows,SET India,116536,India,143005
6,Music,Male,38,119000000,0,nan,Music,0,nan,143006
7,ýýý Kids Diana Show,Male,39,112000000,93247040539,People & Blogs,ýýý Kids Diana Show,1111,United States,143007
8,PewDiePie,Male,27,111000000,29058044447,Gaming,PewDiePie,4716,Japan,143008
9,Like Nastya,Male,36,106000000,90479060027,People & Blogs,Like Nastya Vlog,493,Russia,143009
10,Vlad and Niki,Male,23,98900000,77180169894,Entertainment,Vlad and Niki,574,United States,143010
11,Zee Music Company,Male,34,96700000,57856289381,Music,Zee Music Company,8548,India,143011
12,WWE,Male,30,96000000,77428473662,Sports,WWE,70127,United States,143012
13,Gaming,Male,33,93600000,0,nan,Gaming,0,nan,143013
14,BLACKPINK,Male,40,89800000,32144597566,People & Blogs,BLACKPINK,543,South Korea,143014
15,Goldmines,Male,28,86900000,24118230580,Film & Animation,goldmines,1,nan,143015
16,Sony SAB,Male,37,83000000,101000000000,Shows,Sony SAB,71270,India,143016
17,5-Minute Crafts,Male,25,80100000,26236790209,Howto & Style,5-Minute Crafts 2.0,1,United Kingdom,143017
18,BANGTANTV,Male,39,75600000,20826993957,Music,BANGTANTV,2281,South Korea,143018
19,Sports,Male,23,75000000,0,nan,sports,3,United States,143019
20,Justin Bieber,Male,36,71600000,30608119724,Music,Justin Bieber,249,Canada,143020
21,HYBE LABELS,Male,32,71300000,28634566938,Music,HYBE LABELS,1337,South Korea,143021
22,Zee TV,Male,21,70500000,73139054467,Entertainment,Zee TV,129204,India,143022
23,Pinkfong Baby Shark - Kids' Songs & Stories,Male,33,68200000,38843229963,Education,Pinkfong Baby Shark - Kids' Songs & Stories,2865,United States,143023
24,Canal KondZilla,Male,38,66500000,36775585925,Music,Canal KondZilla,2572,Brazil,143024
25,ChuChu TV Nursery Rhymes & Kids Songs,Male,30,65900000,45757850229,Education,ChuChu TV Nursery Rhymes & Kids Songs,633,India,143025
26,Shemaroo Filmi Gaane,Male,28,65600000,28648024439,Music,Shemaroo Filmi Gaane,8502,India,143026
27,Colors TV,Male,40,64600000,61510906457,Shows,Colors TV,112915,India,143027
28,T-Series Bhakti Sagar,Male,40,61000000,29533230328,Music,T- SERIES BHAKTI SAGAR,13,India,143028
29,Dude Perfect,Male,25,59500000,16241549158,Sports,Dude Perfect,389,United States,143029
30,Movieclips,Male,21,59500000,59316472754,Film & Animation,Movieclips,39113,United States,143030
31,Tips Official,Male,39,59300000,33431802698,Music,Tips Official,4741,India,143031
32,El Reino Infantil,Male,36,58400000,57271630846,Music,El Reino Infantil,1510,Argentina,143032
33,Wave Music,Male,38,58000000,40602020243,Music,Wave Music,19487,India,143033
34,Aaj Tak,Male,23,57600000,25307753534,News & Politics,Aaj Tak,283775,India,143034
35,Sony Music India,Male,27,57200000,28837144516,Music,Sony Music India,3882,India,143035
36,EminemMusic,Male,35,56900000,27073872856,Music,EminemMusic,156,United States,143036
37,Marshmello,Male,25,56400000,14696003229,Entertainment,Marshmello,436,United States,143037
38,YRF,Male,35,54600000,35302243691,Film & Animation,YRF,3707,India,143038
39,LooLoo Kids - Nursery Rhymes and Children's Songs,Male,23,54000000,32312431239,Music,LooLoo Kids - Nursery Rhymes and Children's ï¿½,11,nan,143039
40,Ed Sheeran,Male,28,53500000,30367676736,Music,Ed Sheeran,383,United Kingdom,143040
41,Infobells - Hindi,Male,32,53300000,30516172739,Education,Infobells - Hindi,577,India,143041
42,Taylor Swift,Male,27,52900000,29884657286,Music,Taylor Swift,216,United States,143042
43,Ariana Grande,Male,40,52700000,24004842608,Music,Ariana Grande,147,United States,143043
44,BillionSurpriseToys  - Nursery Rhymes & Cartoons,Male,32,52200000,9877365274,Education,BillionSurpriseToys  - Nursery Rhymes & Cartï¿½,847,United States,143044
45,JuegaGerman,Male,36,48100000,14631710289,Gaming,JuegaGerman,2052,Chile,143045
46,Billie Eilish,Male,24,47900000,13626331061,Music,Billie Eilish,65,United States,143046
47,Get Movies,Male,25,47500000,30788679536,Entertainment,Get Movies,3322,Russia,143047
48,Shemaroo,Female,33,47400000,22519705183,Entertainment,Shemaroo,11451,India,143048
49,Badabun,Female,24,46800000,19398045702,Entertainment,badabun,1,nan,143049
50,SonyMusicIndiaVEVO,Female,22,46600000,27286058807,Music,SonyMusicIndiaVEVO,3444,United States,143050
51,A4,Female,38,46300000,22936630813,Gaming,aefour,1,Cuba,143051
52,Bad Bunny,Female,33,46100000,30686342319,Music,badbunny,1,nan,143052
53,Fernanfloo,Female,26,46100000,10323391593,Gaming,Fernanfloo,543,El Salvador,143053
54,Voot Kids,Female,37,45500000,21388725229,Entertainment,Voot Kids,4660,India,143054
55,Felipe Neto,Female,38,45200000,16602198273,Entertainment,Felipe Neto,4331,Brazil,143055
56,Vocï¿½ï¿½ï¿½,Female,34,44700000,7828610828,Entertainment,Vocï¿½ï¿½ï¿½,1558,Brazil,143056
57,HAR PAL GEO,Female,21,44600000,41139050371,Entertainment,HAR PAL GEO,100755,Pakistan,143057
58,BRIGHT SIDE,Female,29,44500000,10708531817,Howto & Style,brightside,0,nan,143058
59,Katy Perry,Female,24,44200000,25458952022,Music,Katy Perry,128,United States,143059
60,whinderssonnunes,Female,26,44200000,4274709210,Comedy,whinderssonnunes,558,Brazil,143060
61,ABS-CBN Entertainment,Female,23,44200000,50292540392,People & Blogs,ABS-CBN Entertainment,193890,Philippines,143061
62,Alan Walker,Female,40,43700000,12884264778,Music,alanwalker,8,Thailand,143062
63,HolaSoyGerman.,Female,31,43600000,4831311245,Entertainment,holasoygerman. 2,6,nan,143063
64,Shakira,Female,29,43500000,27568757295,People & Blogs,Shakira,326,Colombia,143064
65,ýýýýýýýý ýý ýýýýýýýýýýýýýý,Female,23,43200000,36458726976,Film & Animation,ýýýýýýýý ýý ýýýýýýýýýýýýýý,1478,Russia,143065
66,ARY Digital HD,Female,36,43200000,37939780685,Entertainment,ARY Digital HD,109871,Pakistan,143066
67,Speed Records,Female,28,42500000,26820902622,Music,Speed Records,10938,India,143067
68,Masha and The Bear,Female,36,42400000,24519022988,Shows,Masha and The Bear,1218,United States,143068
69,Like Nastya Show,Female,31,42400000,19547696190,Entertainment,Like Nastya Show,618,United States,143069
70,Rihanna,Female,33,41900000,22477745835,Entertainment,Rihanna,84,Barbados,143070
71,Ishtar Music,Female,31,41400000,17608931161,Trailers,Ishtar Music,4510,India,143071
72,Kimberly Loaiza,Female,22,41300000,5603111948,People & Blogs,Kimberly Loaiza,291,Mexico,143072
73,Little Baby Bum - Nursery Rhymes & Kids Songs,Female,39,40900000,39450824833,Education,Little Baby Bum - Nursery Rhymes & Kids Songs,2423,United States,143073
74,Luisito Comunica,Female,38,40600000,8670473639,Comedy,Luis Arturo Villar Sudek,0,Mexico,143074
75,elrubiusOMG,Female,28,40400000,7410536668,Gaming,elrubiusOMG,703,nan,143075
76,Toys and Colors,Female,37,40300000,47005053156,Entertainment,Toys and colors,4,nan,143076
77,shfa2 - ï¿½ï¿½,Female,32,39700000,23884824160,People & Blogs,shfa2 - ï¿½ï¿½,1596,United Arab Emirates,143077
78,LUCCAS NETO - LUCCAS TOON,Female,30,39400000,22302547082,People & Blogs,LUCCAS NETO- LUCCAS TOON,1,nan,143078
79,CarryMinati,Female,29,39200000,3294013141,Comedy,CarryMinati,186,India,143079
80,XXXTENTACION,Female,37,39200000,10507474316,Music,XXXTENTACION,133,United States,143080
81,Super Simple Songs - Kids Songs,Female,24,39200000,44900897958,Education,Super Simple Songs - Kids Songs,744,Canada,143081
82,Mikecrack,Female,34,39100000,16118181673,Gaming,Mikecrack,1876,Spain,143082
83,WorkpointOfficial,Female,31,39000000,36131228583,Entertainment,WorkpointOfficial,72580,Thailand,143083
84,GR6 EXPLODE,Female,23,38900000,25154232306,Music,GR6 EXPLODE,3043,Brazil,143084
85,TEDx Talks,Female,38,38600000,7339333120,Nonprofits & Activism,TEDx Talks,200933,United States,143085
86,shfa,Female,38,38400000,21528116909,People & Blogs,ýýýýýýýýýý ýýýýýý,982,Saudi Arabia,143086
87,Goldmines Gaane Sune Ansune,Female,34,38300000,16718192386,Music,Goldmines Gaane Sune Ansune,3532,India,143087
88,One Direction,Female,26,38200000,13598903820,Music,21 Savage,11,United States,143088
89,TheEllenShow,Female,34,38200000,22756581750,Entertainment,TheEllenShow,15672,United States,143089
90,Sony PAL,Female,25,38200000,28519339489,Shows,Sony PAL,24089,India,143090
91,Daddy Yankee,Female,37,38000000,22731415608,Music,Daddy Yankee,505,United States,143091
92,Vlad vï¿½ï¿½ï,Female,36,37900000,23510152352,nan,Vlad vï¿½ï¿½ï,515,United States,143092
93,Like Nastya ESP,Female,23,37600000,18208196857,Entertainment,Like Nastya ESP,743,United States,143093
94,ýýýýýýýýýýýý one31,Female,25,37500000,27262462114,Entertainment,ýýýýýýýýýýýý one31,117152,Thailand,143094
95,Jkk Entertainment,Female,21,37200000,16402066717,Comedy,Jkk Entertainment,220,India,143095
96,ABP NEWS,Female,34,37000000,13102611515,People & Blogs,ABP NEWS,301308,India,143096
97,Maria Clara & JP,Female,38,37000000,24188861917,People & Blogs,Maria Clara & JP,744,Brazil,143097
98,Bruno Mars,Female,37,36700000,19378155425,Music,Bruno Mars,99,United States,143098
99,Maroon 5,Female,37,36600000,22553923546,Music,Maroon 5,171,United States,143099
100,Ultra Bollywood,Female,23,36600000,15653786446,Trailers,Ultra Bollywood,9168,India,143100
101,PowerKids TV,Female,34,36500000,18961241905,Film & Animation,PowerKids TV,5621,nan,143101
102,YouTube,Female,39,36300000,3010784935,News & Politics,YouTube,744,United States,143102
103,News,Female,37,36300000,0,nan,News,0,nan,143103
104,Ozuna,Female,33,36200000,23355801606,Music,Ozuna,196,nan,143104
105,MrBeast Gaming,Female,36,36100000,6331332547,Gaming,MrBeastGaming,5,nan,143105
106,La Granja de Zenï¿½,Female,33,35700000,27118354077,Music,La Granja de Zenï¿½,654,Argentina,143106
107,Saregama Music,Female,34,35500000,15657673422,Entertainment,Saregama Music,7566,India,143107
108,IndiaTV,Female,38,35500000,16105023749,News & Politics,IndiaTV,273255,India,143108
109,T-Series Bollywood Classics,Female,28,35400000,22637783517,Music,T-Series Bollywood Classics,2010,India,143109
110,Total Gaming,Female,29,35400000,5556364230,Gaming,totalgaming,1,nan,143110
111,Markiplier,Female,27,35200000,20297931219,Gaming,Markiplier,5490,United States,143111
112,Ryan's World,Female,30,35200000,55299840198,Entertainment,Ryan's World,2453,United States,143112
113,Genevieve's Playhouse - Learning Videos for Kids,Female,28,34900000,25607397308,Education,Genevieve's Playhouse - Learning Videos for ï¿½,617,United States,143113
114,T-Series Apna Punjab,Female,29,34600000,21306315429,Music,T- Series Apna Punjab,0,nan,143114
115,Techno Gamerz,Female,25,34400000,9690499664,Gaming,TechnoGamerz,1,nan,143115
116,Geet MP3,Female,29,34300000,12746535822,Music,Geet MP3,679,India,143116
117,J Balvin,Female,37,34100000,23005313609,Music,J Balvin,141,Colombia,143117
118,Jess No Limit,Female,25,34000000,3963007415,Entertainment,Jess No Limit,2284,Indonesia,143118
119,Jingle Toons,Female,21,34000000,11351015824,Film & Animation,Jingle Toons,240,India,143119
120,VEGETTA777,Female,24,33800000,15432929204,Gaming,VEGETTA777,7606,Spain,143120
121,Galinha Pintadinha,Female,29,33800000,27274550757,Film & Animation,Galinha Pintadinha,66,Brazil,143121
122,SSSniperWolf,Male,29,33700000,23492684419,Gaming,SSSniperWolf,3366,United States,143122
123,Desi Music Factory,Male,25,33700000,10189027455,Music,Desi music factory,2,nan,143123
124,Selena Gomez,Male,40,33600000,13013567335,Film & Animation,Selena Gomez,188,United States,143124
125,Rajshri,Male,30,33500000,14864294792,Music,Rajshri,3741,India,143125
126,Ch3Thailand,Male,34,33500000,29611914495,Entertainment,Ch3Thailand,96214,Thailand,143126
127,KHANDESHI MOVIES,Male,33,33500000,11405809704,Comedy,KHANDESHI MOVIES,217,India,143127
128,NoCopyrightSounds,Male,32,33400000,10530729078,Music,NoCopyrightSounds,1331,United Kingdom,143128
129,CVS 3D Rhymes & Kids Songs,Male,30,33400000,20269857567,Education,CVS 3D Rhymes & Kids Songs,338,India,143129
130,Ricis Official,Male,31,33300000,5994136760,People & Blogs,Ricis Official,2736,Indonesia,143130
131,BabyBus - Kids Songs and Cartoons,Male,26,32800000,26355088167,Education,BabyBus - Kids Songs and Cartoons,2122,United States,143131
132,Eros Now Music,Male,39,32700000,17853798780,Entertainment,Mzaalo,1521,India,143132
133,BETER Bï¿½ï¿½,Male,32,32700000,19180039918,nan,BETER Bï¿½ï¿½,2738,Turkey,143133
134,DisneyMusicVEVO,Male,37,32700000,28516250629,Music,DisneyMusicVEVO,2068,United States,143134
135,The Weeknd,Male,40,32600000,23379969006,Music,The Weeknd,169,Canada,143135
136,WowKidz,Male,35,32200000,16613441479,Film & Animation,wowkidz,2,nan,143136
137,KAROL G,Male,27,32100000,18699145555,Music,KAROL G,134,Colombia,143137
138,Mr Bean,Male,29,32100000,10602236110,Shows,Mr Bean,3091,United Kingdom,143138
139,rezendeevil,Male,27,32100000,13061739758,Gaming,rezendeevil,11882,Brazil,143139
140,StarPlus,Male,22,32000000,26800674545,Entertainment,StarPlus,44892,India,143140
141,SMTOWN,Male,36,31900000,27330239663,Music,SMTOWN,4158,nan,143141
142,GMA  Network,Male,30,31900000,19428308461,Entertainment,GMA  Network,93311,Philippines,143142
143,GENIAL,Male,27,31800000,6762424690,Howto & Style,GENIAL,6734,Mexico,143143
144,MR. INDIAN HACKER,Male,23,31700000,5711208484,Science & Technology,MR. INDIAN HACKER,929,India,143144
145,Worldwide Records Bhojpuri,Male,26,31700000,16476978876,Music,Worldwide Records Bhojpuri,6518,India,143145
146,DONA ï¿½ï¿½,Male,36,31700000,21031745531,Entertainment,DONA ï¿½ï¿½,166,United States,143146
147,Dream,Male,27,31700000,2930015381,Gaming,Dream,116,United States,143147
148,Lucas and Marcus,Male,33,31600000,11615848291,Entertainment,Lucas and Marcus,1321,United States,143148
149,JustinBieberVEVO,Male,36,31600000,26583873105,Music,JustinBieberVEVO,204,United States,143149
150,Luis Fonsi,Male,35,31400000,15176762479,Entertainment,luisfonsi,0,nan,143150
151,Peppa Pig - Official Channel,Male,36,31400000,22919271731,Film & Animation,Peppa Pig - Official Channel,3589,United Kingdom,143151
152,YOLO AVENTURAS,Male,24,31200000,9673649438,People & Blogs,YOLO AVENTURAS,65,Venezuela,143152
153,The Tonight Show Starring Jimmy Fallon,Male,29,31200000,17111726160,Comedy,The Tonight Show Starring Jimmy Fallon,8976,United States,143153
154,TheDonato,Male,28,31200000,6187804950,Entertainment,TheDonato,3027,Argentina,143154
155,ImagineDragons,Male,26,30700000,16793072362,Music,ImagineDragons,92,United States,143155
156,Diana and Roma ESP,Male,27,30700000,12355992466,nan,Diana and Roma ESP,578,United States,143156
157,Round2hell,Male,23,30700000,3145161634,Comedy,Round2hell,67,India,143157
158,Zee News,Male,39,30500000,16709857823,News & Politics,Zee News,180092,India,143158
159,AboFlah,Female,38,30500000,4521573939,Gaming,AboFlah,641,Kuwait,143159
160,AH,Female,26,30400000,4332274962,Entertainment,AH,2197,Indonesia,143160
161,Trap Nation,Female,22,30400000,14037426379,Music,Trap Nation,2725,United States,143161
162,ýýýýýýýýýýýýýýý ýýýýýý ýýýýýýýýýýýýýýýýýý,Female,27,30400000,17999961915,nan,ýýýýýýýýýýýýýýý ýýýýýý ýýýýýýýýýýýýýýýýýý,532,United States,143162
163,Boram Tube Vlog [ï¿½ï¿½ï¿½ï¿½ï¿½ï¿½ï¿½ï¿½ï¿,Female,29,30300000,13546549817,Entertainment,Boram Tube Vlog [ï¿½ï¿½ï¿½ï¿½ï¿½ï¿½ï¿½ï¿½ï¿,223,United States,143163
164,Adele,Female,33,30200000,14199108016,Music,Adele,15,United Kingdom,143164
165,Talking Tom,Female,24,30200000,15199330166,Comedy,TalkingTom,2,United States,143165
166,ýýýýýýýý ýýýýýýýý ýýýýýýýýýý | toyoraljanahtv,Female,27,30200000,27684955537,Entertainment,ýýýýýýýý ýýýýýýýý ýýýýýýýýýý | toyoraljanahtv,3254,Jordan,143166
167,Frost Diamond,Female,23,30100000,7277493940,Gaming,frostdiamond,0,nan,143167
168,Spinnin' Records,Female,40,30100000,19607009165,Music,Spinnin' Records,11501,Netherlands,143168
169,Little Angel: Nursery Rhymes & Kids Songs,Female,23,30100000,22593193994,Education,Little Angel: Nursery Rhymes & Kids Songs,1349,United States,143169
170,jacksepticeye,Female,32,30100000,16246625836,Gaming,jacksepticeye,5114,nan,143170
171,Shawn Mendes,Female,39,30000000,12831200855,Music,Shawn Mendes,133,Canada,143171
172,ashish chanchlani vines,Female,25,29800000,4457913639,Comedy,ashish chanchlani vines,151,India,143172
173,Ultra Records,Female,34,29600000,17208027242,Music,Ultra Records,4903,United States,143173
174,Popular on YouTube,Female,32,29300000,0,nan,Popular on Youtube,3,nan,143174
175,Maluma,Female,34,29300000,21226945136,Music,MaLuMa,14,Argentina,143175
176,Zhong,Female,32,29200000,14727238483,Entertainment,Zhong,1513,United States,143176
177,Enaldinho,Female,23,29200000,11627437847,Comedy,Enaldinho,3654,Brazil,143177
178,AuronPlay,Female,24,29200000,4079141673,Comedy,AuronPlay,404,Spain,143178
179,Shorts Break,Female,22,29000000,19466238065,Comedy,shorts break,42,nan,143179
180,infobells - Tamil,Female,35,28900000,17930570614,Education,infobells - Tamil,555,India,143180
181,Aditya Music India,Female,24,28500000,25857994495,Music,Aditya Music,0,nan,143181
182,The Late Late Show with James Corden,Female,31,28400000,9956764048,Entertainment,The Late Late Show with James Corden,5809,United States,143182
183,Aditya Movies,Female,32,28400000,10062770060,Movies,Aditya Movies,5436,India,143183
184,Masha y el Oso,Female,23,28300000,13577142726,Film & Animation,Masha y El oso,6,nan,143184
185,infobells - Telugu,Female,22,28300000,14814192034,Education,infobells - Telugu,505,India,143185
186,HUM TV,Female,34,28300000,23844936965,Entertainment,HUM TV,106983,Pakistan,143186
187,Shemaroo Movies,Female,23,28200000,7600740993,Entertainment,Shemaroo Movies,3009,India,143187
188,Michael Jackson,Female,28,28200000,14412474625,Music,Michael Jackson,15,United States,143188
189,Drake,Female,26,28100000,15318895118,Music,drake,3,nan,143189
190,Goldmines Dishoom,Female,24,28000000,8603468420,Film & Animation,Goldmines Dishoom,3878,nan,143190
191,Sandeep Maheshwari,Female,29,27800000,2303069221,People & Blogs,Sandeepmaheshwari,0,Singapore,143191
192,Bounce Patrol - Kids Songs,Female,29,27800000,21037851468,Music,Bounce Patrol - Kids Songs,292,Australia,143192
193,toycantando,Female,38,27700000,15777682516,Music,toycantando,619,Colombia,143193
194,MrBeast 2,Female,23,27500000,4552581106,People & Blogs,Leaux Pass,27,United States,143194
195,Wiz Khalifa,Female,37,27500000,13379395501,Music,Wiz Khalifa,682,United States,143195
196,JYP Entertainment,Female,31,27400000,19883150017,Music,JYP Entertainment,1753,South Korea,143196
197,ýýý Kids Roma Show,Female,30,27400000,10336420490,People & Blogs,ýýý Kids Roma Show,642,United States,143197
198,DanTDM,Female,22,27400000,19417887510,Gaming,DanTDM,3664,United Kingdom,143198
199,Nick Jr.,Female,21,27300000,22440611155,Film & Animation,Nick Jr.,5438,United States,143199
200,Crazy XYZ,Female,25,27300000,7705492350,Entertainment,Crazy XYZ,1259,India,143200
201,ToyPuddingTV,Female,35,27100000,15916882228,Entertainment,ToyPudding TV[ï¿½ï¿½ï¿½ï¿½ï,2,nan,143201
202,Dushyant kukreja,Female,22,27100000,17318452893,Entertainment,Dushyant kukreja,889,India,143202
203,Gulshan Kalra,Female,24,27100000,12732444881,Howto & Style,Gulshan Kalra,545,nan,143203
204,Brent Rivera,Female,27,27000000,6570935979,Comedy,Brent Rivera,554,United States,143204
205,Renato Garcia YT,Female,30,26900000,7938616641,Entertainment,Renato Garcia YT,3956,Brazil,143205
206,Beast Reacts,Female,36,26700000,4388047013,People & Blogs,Beast Reacts,241,United States,143206
207,enchufetv,Female,26,26700000,10317306313,Comedy,enchufetv,975,Colombia,143207
208,Netflix,Male,32,26700000,7173668905,Entertainment,Netflix,6471,United States,143208
209,Raffy Tulfo in Action,Male,30,26500000,15065753455,News & Politics,Raffy Tulfo in Action,10022,Philippines,143209
210,WORLDSTARHIPHOP,Male,30,26500000,20358117330,Music,WORLDSTARHIPHOP,6873,United States,143210
211,Goldmines Bollywood,Male,21,26400000,8595760553,Film & Animation,Goldmines Bollywood,3622,India,143211
212,Alan Chikin Chow,Male,39,26400000,27006526665,Comedy,Alan Chikin Chow,865,United States,143212
213,PANDA BOI,Male,33,26400000,17211600007,Entertainment,PANDA BOI,967,Italy,143213
214,BB Ki Vines,Male,40,26300000,4749833967,Entertainment,BB Ki Vines,190,India,143214
215,D Billions,Male,35,26200000,31977463002,nan,D Billions,775,United States,143215
216,Junya.ï¿½ï¿½ï¿½ï¿½,Male,39,26200000,16097531087,Entertainment,Junya.ï¿½ï¿½ï¿½ï¿½,5985,Japan,143216
217,Smosh,Male,26,26100000,10435474336,Comedy,Smosh,1619,United States,143217
218,1MILLION Dance Studio,Male,24,26100000,7886440199,Entertainment,1MILLION Dance Studio,0,Saudi Arabia,143218
219,NichLmao,Male,32,26000000,14101010609,People & Blogs,NichLmao,868,nan,143219
220,Beyoncï¿,Male,38,26000000,17308961985,Music,Beyoncï¿,240,United States,143220
221,Marï¿½ï¿½ï¿½ï¿½ï¿½,Male,29,26000000,18597534412,Music,mariliamendonca,1,nan,143221
222,Indosiar,Male,25,25900000,11372071889,Music,Indosiar,65286,Indonesia,143222
223,VanossGaming,Male,28,25800000,15541421838,Gaming,VanossGaming,1762,Canada,143223
224,David Guetta,Male,34,25700000,17793809548,Music,David Guetta,749,United States,143224
225,LosPolinesios,Male,37,25700000,7466926260,People & Blogs,LosPolinesios,982,Mexico,143225
226,Nicki Minaj,Male,31,25700000,10242981063,Music,Nicki Minaj,42,United States,143226
227,Fede Vigevani,Male,40,25600000,7962725960,Howto & Style,Fede Vigevani,0,nan,143227
228,TaylorSwiftVEVO,Male,37,25600000,25592378292,Music,TaylorSwiftVEVO,287,United States,143228
229,ZHC,Male,31,25500000,2726917087,Film & Animation,zhc,5,nan,143229
230,Post Malone,Male,28,25500000,14401218086,Music,Post Malone,78,United States,143230
231,Rans Entertainment,Male,22,25400000,6430853035,People & Blogs,Rans Entertainment,3716,Indonesia,143231
232,LankyBox,Male,39,25400000,34300482066,Comedy,LankyBox,8775,United States,143232
233,Coldplay,Male,24,25300000,17331663193,Music,Coldplay,398,United Kingdom,143233
234,Las Ratitas,Male,29,25200000,9602246828,People & Blogs,LAS RATITAS,4,nan,143234
235,WB Kids,Male,38,25200000,11081602368,People & Blogs,WB Kids,2025,United States,143235
236,ABPLIVE,Male,22,25200000,7968363381,People & Blogs,ABPLIVE,12,nan,143236
237,Chris Brown,Male,35,25200000,15520569496,Music,ChrisBrown,0,nan,143237
238,The Lallantop,Male,37,25200000,10409352249,News & Politics,The Lallantop,51129,India,143238
239,RihannaVEVO,Male,37,25100000,19458807708,Music,RihannaVEVO,118,United States,143239
240,WatchMojo.com,Male,36,25100000,16357064198,Music,WatchMojo.com,24837,Canada,143240
241,TRANS7 OFFICIAL,Male,40,25000000,14169516119,Entertainment,TRANS7 OFFICIAL,89179,Indonesia,143241
242,Anuel AA,Male,33,25000000,14827085149,Music,Anuel AA,147,Colombia,143242
243,Dan Rhodes,Male,30,24800000,17387583720,Entertainment,Dan Rhodes,1644,United Kingdom,143243
244,Yuya,Male,37,24800000,2588501115,Howto & Style,Yuya,672,Mexico,143244
245,America's Got Talent,Male,29,24800000,3699352704,Entertainment,America's Got Talent,1894,United States,143245
246,mujjuu___14,Male,22,24800000,14655527943,People & Blogs,mujjuu___14,872,nan,143246
247,EminemVEVO,Male,35,24700000,20531704527,Music,EminemVEVO,104,United States,143247
248,Chloe Ting,Male,30,24700000,2994726412,Howto & Style,Chloe Ting,412,Australia,143248
249,KatyPerryVEVO,Male,36,24600000,23755792542,Music,KatyPerryVEVO,175,United States,143249
250,Mark Rober,Male,31,24600000,3647987299,Science & Technology,Mark Rober,120,United States,143250
251,1theK (ï¿½ï¿½ï¿½ï¿½ï,Male,21,24500000,23962070944,Music,1theK (ï¿½ï¿½ï¿½ï¿½ï,18950,South Korea,143251
252,Like Nastya AE,Male,24,24400000,12385924995,Entertainment,Like Nastya AE,658,United States,143252
253,Amit Bhadana,Male,25,24300000,2380248899,Entertainment,Amit Bhadana,17,nan,143253
254,Pen Movies,Male,38,24300000,6608773195,Film & Animation,Pen Movies,1667,India,143254
255,MrBeast en Espaï¿½ï,Male,27,24200000,2700914170,Entertainment,MrBeast en Espaï¿½ï,67,Mexico,143255
256,shfa show India,Male,29,24200000,15724160183,nan,shfa show India,469,United Arab Emirates,143256
257,Super JoJo - Nursery Rhymes & Kids Songs,Male,27,24100000,329774870,nan,Super JoJo - Nursery Rhymes & Kids Songs,36,United States,143257
258,Alejo Igoa,Male,21,24100000,10999000479,Comedy,Alejo Igoa,802,Argentina,143258
259,Daniel LaBelle,Male,28,24100000,12916159065,Comedy,Daniel LaBelle,287,nan,143259
260,netd mï¿½ï¿,Male,22,24100000,56106087508,Music,netd mï¿½ï¿,23491,Turkey,143260
261,DJ Snake,Male,30,24100000,8425505919,Music,DJ Snake,252,United States,143261
262,Diana and Roma ARA,Male,31,24100000,11041261296,nan,Diana and Roma ARA,590,United States,143262
263,KSI,Male,29,24100000,6002166932,Entertainment,KSI,1252,United Kingdom,143263
264,Spider Slack,Male,30,24000000,13943030228,Comedy,Spider Slack,901,Brazil,143264
265,Goldmines Movies,Male,25,24000000,5652938599,Film & Animation,Ti Ti,3,nan,143265
266,Preston,Male,39,24000000,8279004442,Gaming,Preston,4009,United States,143266
267,James Charles,Male,35,23900000,4067878931,Entertainment,James Charles,505,United States,143267
268,Collins Key,Male,40,23900000,6582932625,Entertainment,Collins Key,257,United States,143268
269,Diana and Roma EN,Male,28,23900000,7213499085,People & Blogs,Diana and Roma EN,511,United States,143269
270,Venus Entertainment,Male,22,23800000,5663125358,Entertainment,Venus Entertainment,70,nan,143270
271,Troom Troom,Male,25,23800000,10414479943,Howto & Style,Troom Troom,2425,United States,143271
272,Enrique Iglesias,Male,33,23800000,17688774915,Music,Enrique Iglesias,443,United States,143272
273,Ninja,Male,36,23700000,2543809954,Gaming,Ninja,1732,United States,143273
274,FaZe Rug,Male,22,23700000,7451792132,Gaming,FaZeRug,0,Canada,143274
275,Mister Max,Male,32,23700000,15510153803,People & Blogs,Mister Max,1099,United Kingdom,143275
276,That Little Puff,Male,26,23700000,20289689389,Pets & Animals,That Little Puff,769,United States,143276
277,NickyJamTV,Male,36,23600000,15901824841,Music,NickyJamTV,392,nan,143277
278,Juan De Dios Pantoja,Male,32,23600000,2135644776,Entertainment,Juan De Dios Pantoja,226,Mexico,143278
279,Logan Paul,Male,25,23600000,5994002464,Entertainment,Logan Paul,719,United States,143279
280,Maya and Mary,Male,22,23600000,6766461070,Entertainment,Maya and Mary,552,United States,143280
281,Peppa Pig Espaï¿½ï¿½ï¿½ï¿½ï¿½ï¿½ï¿½ï¿½ï¿½,Female,37,23600000,7920637200,Film & Animation,Peppa Pig Espaï¿½ï¿½ï¿½ï¿½ï¿½ï¿½ï¿½ï¿½ï¿½,1251,United Kingdom,143281
282,Jelly,Female,37,23500000,14777034543,Gaming,Jelly,6066,United Kingdom,143282
283,Miss Katy,Female,27,23500000,14696994366,People & Blogs,Miss Katy,1044,United Kingdom,143283
284,Tilak,Female,38,23400000,9465863821,Film & Animation,Tilak,6672,India,143284
285,Valentina Pontes ofc,Female,23,23400000,7926899136,Film & Animation,Valentina Pontes ofc,1291,Brazil,143285
286,Sesame Street,Female,31,23300000,22471357411,Entertainment,Sesame Street,3657,United States,143286
287,Happy Lives,Female,39,23200000,2634,Science & Technology,Happy Lives,1,United States,143287
288,Lady Gaga,Female,37,23200000,15751661213,People & Blogs,Lady Gaga,172,United States,143288
289,Akshay Nagwadiya,Female,29,23200000,7966720147,Entertainment,Akshay Nagwadiya,595,nan,143289
290,Wave Music Bhojpuri,Female,40,23100000,12889240875,Music,Wave Music Bhojpuri,22578,India,143290
291,GMM GRAMMY OFFICIAL,Female,22,23100000,25579831081,Music,GMM GRAMMY OFFICIAL,15462,Thailand,143291
292,TED,Female,36,23100000,2551113422,People & Blogs,TED,4445,United States,143292
293,unknown boy varun,Female,30,23100000,9299371231,Music,unknown boy varun,456,India,143293
294,Kids TV - Nursery Rhymes And Baby Songs,Female,26,23100000,13151870846,Shows,Kids TV - Nursery Rhymes And Baby Songs,3781,United States,143294
295,Tsuriki Show,Female,35,23000000,31494513067,Entertainment,Tsuriki Show,2905,Germany,143295
296,Technical Guruji,Female,28,23000000,3378047383,Science & Technology,Technical Guruji,5041,India,143296
297,DrossRotzank,Female,31,23000000,6041264489,Entertainment,DrossRotzank,1598,Argentina,143297
298,White Hill Music,Female,33,23000000,10939966484,Entertainment,White Hill Music,5718,India,143298
299,Ultra Movie Parlour,Female,33,22900000,5320485069,Movies,Ultra Movie Parlour,1670,India,143299
300,Alan Becker,Female,34,22900000,5380073627,Film & Animation,Alan Becker,0,United States,143300
301,toyorbabytv,Female,21,22900000,16298342829,Music,toyorbabytv,1159,Jordan,143301
302,BabyBus - Canciones Infantiles & Videos para Niï¿½ï,Female,24,22900000,13206471140,Education,BabyBus - Canciones Infantiles & Videos paraï¿½,1251,Mexico,143302
303,KL BRO Biju Rithvik,Female,26,22800000,17988347989,Entertainment,KL BRO Biju Rithvik,1841,nan,143303
304,Vania Mania Kids,Female,37,22700000,10115316784,People & Blogs,Vania Mania Kids,985,United States,143304
305,Like Nastya PRT,Female,22,22700000,11568118121,Entertainment,Like Nastya PRT,654,nan,143305
306,Sun TV,Female,23,22600000,20847038152,People & Blogs,Sun TV,60964,India,143306
307,Heroindori,Female,32,22600000,9223534599,Comedy,Heroindori,495,India,143307
308,The Chainsmokers,Female,22,22600000,14231943358,Music,The Chainsmokers,180,United States,143308
309,mmoshaya,Female,32,22600000,17507060680,People & Blogs,mmoshaya,1189,Saudi Arabia,143309
310,Sia,Female,27,22600000,13405849040,Music,Sia,171,United States,143310
311,LeoNata Family,Female,27,22600000,27084848152,People & Blogs,LeoNata Family,2321,United States,143311
312,Goldmines Cineplex,Female,22,22500000,2431154438,Film & Animation,Goldmines Cineplex,3377,India,143312
313,Vlad and Niki Arabic,Female,25,22500000,10613701948,nan,Vlad and Niki Arabic,526,United States,143313
314,SSundee,Female,39,22500000,13835173331,Gaming,SSundee,3315,United States,143314
315,Paulo Londra,Female,33,22400000,8040036209,Music,Paulo Londra,58,Argentina,143315
316,Smile Family,Female,23,22300000,8663830163,People & Blogs,SMILE Family,34,France,143316
317,FGTeeV,Female,33,22300000,24059336857,Gaming,FGTeeV,1724,United States,143317
318,Kinder Spielzeug Kanal (Kidibli),Female,29,22200000,11136266461,Entertainment,Kinder Spielzeug Kanal (Kidibli),999,United States,143318
319,Charlie Puth,Female,23,22000000,9924807127,Music,Charlie Puth,157,United States,143319
320,Vlad and Niki ESP,Female,38,22000000,8594440895,nan,Vlad and Niki ESP,515,United States,143320
321,Sagawa /ï¿½ï¿½ï¿½,Female,35,22000000,18347969186,Entertainment,Sagawa /ï¿½ï¿½ï¿½,6274,Japan,143321
322,Ben Azelart,Female,23,21900000,4454917643,Film & Animation,Ben Azelart,301,United States,143322
323,Zach Choi ASMR,Female,32,21900000,5918314128,People & Blogs,Zach Choi ASMR,946,United States,143323
324,Topper Guild,Female,40,21900000,15552070846,Comedy,Topper Guild,816,United States,143324
325,Disney Latinoamï¿½ï¿½,Female,36,21900000,20657571751,Entertainment,disneylatinoamerica,116,Mexico,143325
326,Stokes Twins,Female,24,21800000,4469711607,People & Blogs,Stokes Twins,257,United States,143326
327,National Geographic,Female,39,21800000,5614621131,Science & Technology,National Geographic,10162,United States,143327
328,Dua Lipa,Female,39,21800000,11288359365,Music,Dua Lipa,164,United Kingdom,143328
329,OneDirectionVEVO,Female,21,21800000,12140232004,Music,OneDirectionVEVO,266,United Kingdom,143329
330,Rotana,Female,33,21800000,19329351143,Music,rotana5018,135,nan,143330
331,Netflix India,Female,25,21800000,7780934187,People & Blogs,NETFLIX INDIA,1,nan,143331
332,Sourav Joshi Vlogs,Female,30,21700000,9392093496,People & Blogs,Sourav Joshi Vlogs,1390,nan,143332
333,ZAMZAM ELECTRONICS TRADING,Female,29,21700000,8507818877,nan,ZAMZAM ELECTRONICS TRADING,15126,United Arab Emirates,143333
334,DUDU e CAROL,Female,37,21600000,9597894786,Autos & Vehicles,DUDU e CAROL,2942,Brazil,143334
335,Village Cooking Channel,Female,38,21600000,5863377051,Howto & Style,Village Cooking Channel,219,India,143335
336,Eva Bravo Play,Female,35,21600000,9346383505,Entertainment,Eva Bravo Play,228,United States,143336
337,Tekashi 6ix9ine,Female,29,21500000,5890180734,People & Blogs,Tekashi 6ix9ine,51,United States,143337
338,Tlnovelas,Female,39,21500000,15013096899,News & Politics,tlnovelas,158,Mexico,143338
339,SMOL,Female,30,21500000,22065582014,People & Blogs,Claudio,6,nan,143339
340,invictor,Female,22,21500000,8409641722,Gaming,INVICTOR,17,Chile,143340
341,YOLO,Female,40,21400000,1573058816,Comedy,YOLO,0,Germany,143341
342,Sidhu Moose Wala,Female,21,21400000,6264261757,Music,Sidhu Moose Wala,114,India,143342
343,The Royalty Family,Female,32,21300000,6269945014,People & Blogs,The Royalty Family,733,United States,143343
344,Becky G,Female,27,21300000,10644857969,Music,Becky G,78,United States,143344
345,Ishaan Ali 11,Female,35,21300000,12761253839,People & Blogs,Ishaan Ali 11,951,India,143345
346,Infinite,Female,37,21300000,5141834668,Entertainment,Infinite,1608,United States,143346
347,Azhan5star,Female,37,21300000,10047736580,Entertainment,Azhan5star,669,India,143347
348,Dangal TV Channel,Female,28,21300000,12895427184,Entertainment,Dangal TV Channel,20225,India,143348
349,Khan GS Research Centre,Female,23,21200000,2073073070,Education,KHAN GS RESEARCH CENTRE,1,nan,143349
350,GMA Public  Affairs,Female,30,21200000,11364908616,Entertainment,GMA Public  Affairs,31989,Philippines,143350
351,Tasty,Female,30,21100000,5783557209,Howto & Style,Tasty,4728,United States,143351
352,Baim Paula,Female,28,21100000,4526271677,People & Blogs,Baim Paula,2325,Indonesia,143352
353,nigahiga,Female,22,21000000,4380564906,Entertainment,nigahiga,403,United States,143353
354,Rafa & Luiz,Female,40,21000000,7762905663,Entertainment,Rafa & Luiz,2883,Brazil,143354
355,Lyrical Lemonade,Female,29,21000000,10631638628,Entertainment,Lyrical Lemonade,420,United States,143355
356,Vlad and Niki IDN,Female,30,21000000,9789121606,nan,Vlad and Niki IDN,498,United States,143356
357,Dr. Vivek Bindra: Motivational Speaker,Female,37,20900000,1693149479,Education,Dr. Vivek Bindra: Motivational Speaker,896,India,143357
358,Fatos Desconhecidos,Female,38,20900000,3828000587,Entertainment,Fatos Desconhecidos,6262,Brazil,143358
359,Brave Wilderness,Female,32,20900000,4927879069,Pets & Animals,Brave Wilderness,982,United States,143359
360,LIV Crime,Female,33,20900000,11058049885,People & Blogs,LIV Crime,9850,United States,143360
361,Minecraft - Topic,Female,31,20900000,0,nan,Minecraft - Topic,0,nan,143361
362,Romeo Santos,Female,39,20900000,17324976752,Music,RomeoSantos,6,United States,143362
363,Canal Canalha,Female,28,20800000,1870608170,Comedy,Canal Canalha,288,Brazil,143363
364,Kurzgesagt ï¿½ï¿½ï¿½ï¿½ï¿½ï¿,Female,31,20800000,2378448129,Education,Kurzgesagt ï¿½ï¿½ï¿½ï¿½ï¿½ï¿,193,Germany,143364
365,Yoeslan,Female,25,20700000,17963202261,Entertainment,Yoeslan,619,United States,143365
366,5-Minute Crafts DIY,Male,29,20700000,5091618606,Howto & Style,5-Minute Crafts DIY,5062,United States,143366
367,Zach King,Male,34,20700000,5410164682,Entertainment,Zach King,6,nan,143367
368,tuzelity SHUFFLE,Male,26,20700000,8658941531,People & Blogs,tuzelity SHUFFLE,889,Russia,143368
369,NBA,Male,38,20700000,12624879732,Sports,NBA,47926,United States,143369
370,Deddy Corbuzier,Male,25,20600000,4956090094,Entertainment,deddycorbuzier,15,Indonesia,143370
371,Bizarrap,Male,21,20600000,7657171980,Comedy,Bizarrap,83,Argentina,143371
372,Avicii,Male,31,20600000,10292874715,Music,Avicii,156,Sweden,143372
373,Mnet K-POP,Male,21,20500000,15038593883,Entertainment,Mnet K-POP,33229,South Korea,143373
374,LazarBeam,Male,39,20500000,8768697257,Gaming,LazarBeam,1323,Australia,143374
375,Ninja Kidz TV,Male,23,20500000,11009148579,Entertainment,Ninja Kidz TV,296,United States,143375
376,Totoy kids - Portuguï¿½,Male,32,20400000,1796227417,Film & Animation,Totoy kids - Portuguï¿½,206,Brazil,143376
377,Jake Paul,Male,27,20400000,7311322368,People & Blogs,Jake Paul,1006,United States,143377
378,Linkin Park,Male,39,20400000,13397000296,Music,linkinpark,0,Afghanistan,143378
379,Vijay Television,Male,38,20400000,29406206620,Entertainment,Vijay Television,51515,India,143379
380,SlivkiShow,Male,35,20400000,4707412332,Entertainment,SlivkiShow,462,Ukraine,143380
381,Emiway Bantai,Male,21,20400000,3579555124,Music,Emiway Bantai,239,India,143381
382,Got Talent Global,Male,24,20300000,2441288701,Entertainment,Got Talent Global,1245,United Kingdom,143382
383,ýýýýýýýýýýýýýýý - Genevieve's Playhouse,Male,31,20300000,11022391339,Education,ýýýýýýýýýýýýýýý - Genevieve's Playhouse,107,nan,143383
384,BabyBus - Cerita & Lagu Anak-anak,Male,40,20300000,11819051552,Education,BabyBus - Cerita & Lagu Anak-anak,875,Indonesia,143384
385,Ami Rodriguez,Male,32,20200000,2951914200,Entertainment,Ami Rodriguez,460,Colombia,143385
386,Noor Stars,Male,32,20200000,2764127969,Comedy,Noor Stars,693,United Arab Emirates,143386
387,Family GamesTV,Male,30,20200000,7066711323,Entertainment,FamilyGamesTV,0,nan,143387
388,Kiddiestv Hindi - Nursery Rhymes & Kids Songs,Male,32,20200000,7274150246,Education,Kiddiestv Hindi - Nursery Rhymes & Kids Songs,226,India,143388
389,dednahype,Male,39,20200000,20919403720,Comedy,dednahype,1935,Latvia,143389
390,Marta and Rustam,Male,23,20200000,19694265358,Comedy,Marta and Rustam,761,United States,143390
391,MiawAug,Male,26,20200000,6098644584,Gaming,MiawAug,3713,Indonesia,143391
392,CookieSwirlC,Male,23,20100000,23353115850,Entertainment,CookieSwirlC,3774,United States,143392
393,Skrillex,Male,25,20100000,6618524158,Music,Skrillex,241,United States,143393
394,AuthenticGames,Male,22,20100000,8920141342,Gaming,AuthenticGames,4974,Brazil,143394
395,Robin Hood Gamer,Male,29,20100000,10366850490,Entertainment,Homem Aranha player,0,nan,143395
396,Pencilmation,Male,35,20100000,11317309935,Film & Animation,Pencilmation,1481,United States,143396
397,7clouds,Male,38,20100000,14816075927,Music,7clouds,2384,United States,143397
398,5-Minute Crafts PLAY,Male,32,20100000,6119294270,Howto & Style,5-Minute Crafts PLAY,5491,United States,143398
399,Marvel Entertainment,Male,24,20100000,5634695322,Entertainment,MarvelEntertainment,1,United States,143399
400,BuzzFeedVideo,Male,31,20100000,17913237851,People & Blogs,BuzzFeedVideo,7737,United States,143400
401,REACT,Male,21,20000000,13154314376,Entertainment,REACT,4339,United States,143401
402,Vevo,Male,28,20000000,559765455,Music,Vevo,1527,United States,143402
403,Gordon Ramsay,Male,33,20000000,3875172235,Entertainment,Gordon Ramsay,1527,United Kingdom,143403
404,Pentatonix,Male,30,20000000,6033295543,Music,pentatonix,1,Canada,143404
405,Green Gold TV - Official Channel,Male,22,20000000,9715291883,Film & Animation,Green Gold TV - Official Channel,1476,India,143405
406,Gusttavo Lima Oficial,Male,26,19900000,13917423958,Music,Gusttavo Lima Oficial,416,Brazil,143406
407,HaerteTest,Male,28,19800000,3234880084,Science & Technology,HaerteTest,1411,Germany,143407
408,Crafty Panda,Male,34,19800000,5759442450,People & Blogs,Crafty Panda,760,United States,143408
409,SOMOY TV,Male,23,19800000,12293479945,News & Politics,TIME NEWS,9930,United States,143409
410,JennaMarbles,Male,29,19700000,1803249241,Comedy,JennaMarbles,250,United States,143410
411,Troom Troom Es,Male,34,19700000,7452667615,People & Blogs,Troom Troom Es,2912,nan,143411
412,Official Pink Panther,Male,31,19700000,10955619815,Film & Animation,OfficialPinkPanther,1,United States,143412
413,Britain's Got Talent,Male,26,19700000,11323617496,Entertainment,Britain's Got Talent,4225,United Kingdom,143413
414,SCTV,Male,27,19700000,9808676159,Entertainment,SCTV,267,United Kingdom,143414
415,AS Gaming,Male,24,19600000,2851024430,Gaming,ASGaming,17,United States,143415
416,Sony AATH,Male,24,19600000,13930021471,Shows,Sony AATH,18661,United States,143416
417,tabii Urdu,Male,40,19600000,8779729549,Entertainment,tabii Urdu,1306,Turkey,143417
418,DaFuq!?Boom!,Male,28,19600000,7906181776,Film & Animation,DaFuq!?Boom!,214,United States,143418
419,Clash of Clans,Male,37,19600000,3961318438,Gaming,Clash of Clans,674,United States,143419
420,RKD Studios,Male,33,19500000,5234251168,Entertainment,RKD Studios,847,India,143420
421,DLS News,Male,31,19400000,2255542592,News & Politics,DLS News,4750,India,143421
422,JukiLop,Male,33,19400000,1577859332,People & Blogs,JukiLop,85,Mexico,143422
423,etvteluguindia,Male,37,19400000,23038014291,Entertainment,etvteluguindia,125974,India,143423
424,FIFA,Male,21,19400000,5529131886,Sports,FIFA,10728,Switzerland,143424
425,Manoj  parihar,Male,22,19300000,264228052,nan,Manoj  parihar,335,India,143425
426,Vsauce,Male,28,19300000,2897907132,Science & Technology,Vsauce,462,nan,143426
427,Unbox Therapy,Male,26,19300000,4508184467,Science & Technology,Unbox Therapy,2175,nan,143427
428,shane,Male,25,19200000,4329121104,People & Blogs,shane,570,United States,143428
429,Sonotek,Male,30,19200000,7590582024,Entertainment,Sonotek,8285,India,143429
430,Jimmy Kimmel Live,Male,38,19100000,13124645973,Entertainment,Jimmy Kimmel Live,6526,United States,143430
431,TheOdd1sOut,Male,27,19100000,4566120190,Comedy,TheOdd1sOut,139,United States,143431
432,Goldmines Great Indian Comedy,Male,36,19100000,5194942269,Film & Animation,Goldmines Great Indian Comedy,2948,nan,143432
433,Lil Nas X,Male,24,19100000,6339584661,Music,Lil Nas X,37,nan,143433
434,ýýýýýýýýýýýýýý ýýýý,Male,29,19000000,4924054368,Education,ýýýýýýýýýýýýýý ýýýý,60,United States,143434
435,SUPER SLICK SLIME SAM,Male,40,19000000,7229175322,Howto & Style,SUPER SLICK SLIME SAM,903,Mexico,143435
436,Wow Kidz Action,Male,22,19000000,8281724393,Film & Animation,Wow Kidz Action,1525,India,143436
437,Turma da Mï¿½ï¿½,Male,22,19000000,13824277846,Film & Animation,Turma da Mï¿½ï¿½,1154,Brazil,143437
438,Calvin Harris,Male,30,19000000,16014044618,Music,Calvin Harris,79,United Kingdom,143438
439,KBS WORLD TV,Male,26,19000000,15126092508,Entertainment,KBS WORLD TV,64496,South Korea,143439
440,HiMan,Male,30,18900000,2855519150,People & Blogs,HiMan,375,Russia,143440
441,Masha e o Urso,Male,40,18900000,8301731337,Shows,Masha e o Urso,0,nan,143441
442,Little Angel Espaï¿½ï¿½ï¿½ï¿½ï¿½ï¿½ï¿½ï¿½ï¿½,Male,21,18900000,9813245108,Education,Little Angel Espaï¿½ï¿½ï¿½ï¿½ï¿½ï¿½ï¿½ï¿½ï¿½,719,Mexico,143442
443,TED-Ed,Male,37,18800000,3654621568,Education,TED-Ed,2072,United States,143443
444,Sidemen,Male,39,18800000,5257834105,Entertainment,Sidemen,312,United Kingdom,143444
445,Cardi B,Male,35,18800000,7634430188,People & Blogs,Cardi B,9,nan,143445
446,Busy Fun Ltd,Male,37,18800000,7762077012,nan,TG MAYANK YT,2,nan,143446
447,Farruko,Male,37,18800000,9573641299,Music,Farruko,217,United States,143447
448,ýýýýýýýýýýýýýýýýýýýýýý,Male,38,18800000,9594188708,Entertainment,ýýýýýýýýýýýýýýýýýýýýýý,530,Ukraine,143448
449,Triggered Insaan,Male,35,18800000,3276891538,Comedy,Triggered Insaan,304,India,143449
450,CKN,Male,30,18700000,12295637162,Entertainment,cKn,16,Spain,143450
451,Ali-A,Male,24,18700000,6148303268,Gaming,ali-a,2,nan,143451
452,Shemaroo Comedy,Male,36,18600000,6047584292,Entertainment,Shemaroo Comedy,4487,India,143452
453,Smile Family Spanish,Male,29,18600000,7008250496,nan,Smile Family Spanish,457,United States,143453
454,GRAMMY GOLD OFFICIAL,Male,36,18600000,20196704276,Music,GRAMMY GOLD OFFICIAL,6287,Thailand,143454
455,ýýýýýýýý ýýýýýýýýýý ýýýýýýýýýý | Arab Games Network,Male,32,18600000,8761255550,Gaming,ýýýýýýýý ýýýýýýýýýý ýýýýýýýýýý | Arab Games ýýý,6289,Saudi Arabia,143455
456,Dan-Sa / Daniel Saboya,Male,37,18500000,2908120896,Music,Dan-Sa / Daniel Saboya,1329,Brazil,143456
457,Marmok,Male,39,18500000,3457618361,Gaming,Marmok,374,Russia,143457
458,The ACE Family,Male,30,18500000,4558380251,People & Blogs,The ACE Family,712,nan,143458
459,Like Nastya Vlog,Male,30,18500000,8147575884,People & Blogs,Like Nastya Vlog,493,Russia,143459
460,Willie Salim,Male,40,18500000,4051072188,People & Blogs,Willie Salim,679,Indonesia,143460
461,PDK Films,Male,27,18400000,4120324310,Entertainment,PDK Films,111,United States,143461
462,TheWillyrex,Male,24,18400000,7038827526,Comedy,TheWillyrex,6943,Spain,143462
463,RsiamMusic : ï¿½ï¿½ï¿½ï¿½ï¿½ï¿½ï¿½ï¿½,Female,23,18400000,11544297793,Music,RsiamMusic : ï¿½ï¿½ï¿½ï¿½ï¿½ï¿½ï¿½ï¿½,3159,Thailand,143463
464,Dhar Mann,Female,34,18400000,11280732382,People & Blogs,Alejandro Basalo,0,nan,143464
465,shakiraVEVO,Female,25,18400000,25367126292,Music,shakiraVEVO,197,United States,143465
466,Naisa Alifia Yuriza (N.A.Y),Female,32,18300000,1606834186,People & Blogs,Naisa Alifia Yuriza (N.A.Y),786,Indonesia,143466
467,Miley Cyrus,Female,25,18300000,7760819588,Entertainment,Miley Cyrus,142,United States,143467
468,IShowSpeed,Female,29,18300000,1556003039,Gaming,IShowSpeed,1324,United States,143468
469,Good Mythical Morning,Female,27,18300000,8798044678,Entertainment,Goodmythicalmorning,0,nan,143469
470,Bobby chourasiya,Female,37,18200000,9937823152,People & Blogs,Bobby chourasiya,442,nan,143470
471,INCRï¿½ï¿,Female,23,18200000,3213324455,People & Blogs,INCRï¿½ï¿,6903,Brazil,143471
472,Jake Fellman,Female,31,18100000,13378360425,Entertainment,Jake Fellman,420,United States,143472
473,GEN HALILINTAR,Female,37,18100000,3306242674,Entertainment,GEN HALILINTAR,1037,Indonesia,143473
474,SQUEEZIE,Female,30,18100000,9983065083,Gaming,SQUEEZIE,1521,France,143474
475,Blippi - Educational Videos for Kids,Female,37,18100000,14857290259,Education,Blippi - Educational Videos for Kids,707,United States,143475
476,officialpsy,Female,34,18100000,10703830496,Music,officialpsy,131,South Korea,143476
477,Ajay Sharma,Female,40,18100000,12249828886,Entertainment,Ajay Sharma,0,nan,143477
478,Manual do Mundo,Female,30,18000000,3980991248,Howto & Style,Manual do Mundo,2470,Brazil,143478
479,How Ridiculous,Female,38,18000000,9601137077,Sports,How Ridiculous,650,Australia,143479
480,And TV,Female,28,18000000,15412333005,Entertainment,ANDtv,45,United States,143480
481,Sebastiï¿½ï¿½ï¿½,Female,36,18000000,10463166404,News & Politics,Sebastiï¿½ï¿½ï¿½,237,United States,143481
482,SonyMusicSouthVEVO,Female,34,18000000,17921124985,Music,SonyMusicSouthVEVO,5692,United States,143482
483,TheGrefg,Female,39,18000000,6404852037,Gaming,TheGrefg,3566,Spain,143483
484,BeatboxJCOP,Female,26,18000000,8716982055,Film & Animation,BeatboxJCOP,748,nan,143484
485,David Dobrik,Female,35,17900000,7176572299,People & Blogs,David Dobrik,536,United States,143485
486,KatieAngel,Female,32,17900000,3841205465,People & Blogs,KatieAngel,982,United States,143486
487,RobleisIUTU,Female,36,17900000,5168721499,Entertainment,RobleisIUTU,1344,Argentina,143487
488,Lele Pons,Female,25,17900000,5244917119,Comedy,Lele Pons,185,United States,143488
489,Demi Lovato,Female,40,17900000,6888074944,Music,Demi Lovato,314,United States,143489
490,Like Nastya VNM,Female,23,17900000,9867515979,Entertainment,Like Nastya VNM,602,Vietnam,143490
491,Jason Derulo,Female,34,17900000,9887116267,Music,Jason Derulo,830,United States,143491
492,MGC Playhouse,Female,36,17900000,16174530046,Shows,MGC Playhouse,1426,United States,143492
493,Zuni and Family,Female,39,17900000,6746269458,People & Blogs,zuni and family,2,nan,143493
494,Priyal Kukreja,Female,25,17800000,11057945183,People & Blogs,Priyal Kukreja,772,India,143494
495,MSA previously My Story Animated,Female,30,17800000,8588704539,Film & Animation,MSA Previously My Story Animated,26,United States,143495
496,ýýýýýýýýý KIMPRO,Female,36,17700000,19206701832,nan,ýýýýýýýýý KIMPRO,1646,South Korea,143496
497,Jane ASMR ï¿½ï¿½,Female,38,17700000,7387621644,nan,Jane ASMR ï¿½ï¿½,1888,South Korea,143497
498,ArianaGrandeVevo,Female,31,17700000,20115544708,Music,ArianaGrandeVevo,178,United States,143498
499,jaanvi patel,Female,21,17700000,7912733203,People & Blogs,jaanvi patel,512,India,143499
500,tanboy kun,Female,35,17700000,3647267655,People & Blogs,tanboy kun,739,Indonesia,143500
501,Lil Pump,Female,29,17700000,4196061192,Music,Lil Pump,60,nan,143501
502,Porta dos Fundos,Female,28,17700000,7739048000,Entertainment,Porta dos Fundos,2240,Brazil,143502
503,News 24,Female,32,17700000,8396875537,News & Politics,24 ï¿½ï¿½ï¿½ï,211620,Ukraine,143503
504,Les' Copaque Production,Female,36,17700000,9059696049,Film & Animation,Les' Copaque Production,1716,Malaysia,143504
505,El Payaso Plim Plim,Female,40,17700000,17247584185,Film & Animation,El Payaso Plim Plim,1316,Argentina,143505
506,zbing z.,Female,32,17600000,9269174070,Gaming,zbing z.,3151,Thailand,143506
507,MissaSinfonia,Female,21,17600000,2274007523,Comedy,MissaSinfonia,233,Mexico,143507
508,ýýýýýýýýý Liziqi,Female,26,17600000,2977741577,Howto & Style,ýýýýýýýýý Liziqi,128,China,143508
509,The Game Theorists,Female,26,17600000,3752347262,Gaming,TheGameTheorists,0,Australia,143509
510,DeGoBooM,Female,23,17600000,6306204566,Gaming,DeGoBooM,4702,Chile,143510
511,JFlaMusic,Female,39,17600000,3802280098,Music,JFlaMusic,326,South Korea,143511
512,FactTechz,Female,31,17500000,2238134438,Entertainment,FactTechz,709,India,143512
513,News18 India,Female,35,17500000,7263619576,News & Politics,News18 India,182742,India,143513
514,Fun For Kids TV - Hindi Rhymes,Female,37,17500000,7612385622,Entertainment,Fun For Kids TV - Hindi Rhymes,149,India,143514
515,IGN,Female,36,17500000,16107116549,Gaming,IGN,156215,United States,143515
516,Aphmau,Female,40,17400000,17763586483,Gaming,Aphmau,4411,United States,143516
517,AMARINTV : ï¿½ï¿½ï¿½ï¿½ï¿½ï¿½ï¿½ï¿½ï¿½ï¿½ï¿½ï¿½,Male,21,17400000,13043561912,Entertainment,AMARINTV : ï¿½ï¿½ï¿½ï¿½ï¿½ï¿½ï¿½ï¿½ï¿½ï¿½ï¿½ï¿½,118448,Thailand,143517
518,ýýýýýýýýýýýýýýýý - Al-Remas,Male,21,17400000,11144195464,Music,ýýýýýýýýýýýýýýýý - Al-Remas,2133,Iraq,143518
519,Koray Zeynep,Male,31,17400000,16560557488,People & Blogs,Koray Zeynep,2078,nan,143519
520,Apple,Male,24,17300000,1026425106,Science & Technology,Apple,180,United States,143520
521,Stubborn Facts,Male,29,17300000,902225615,Film & Animation,Stubborn Facts,287,India,143521
522,Taarak Mehta Ka Ooltah Chashmah,Male,38,17300000,11371738047,Entertainment,Taarak Mehta Ka Ooltah Chashmah,4778,India,143522
523,HowToBasic,Male,26,17300000,3684816159,Howto & Style,HowToBasic,582,Australia,143523
524,PopularMMOs,Male,35,17200000,14573155899,Gaming,PopularMMOs,4685,nan,143524
525,Marques Brownlee,Male,26,17200000,3606912471,Science & Technology,Marques Brownlee,1567,United States,143525
526,Anitta,Male,35,17200000,7337212581,Music,Anitta,138,Brazil,143526
527,Jason Vlogs,Male,30,17200000,8903647480,Education,Jason Oo,83,Australia,143527
528,El Reino a Jugar,Male,35,17200000,11445492404,Education,El Reino a Jugar,1007,Argentina,143528
529,Willyrex,Male,35,17200000,5024088947,Gaming,Willyrex,7550,Spain,143529
530,TheBrianMaps,Male,23,17100000,4448334716,Comedy,TheBrianMaps,498,Russia,143530
531,TRANS TV Official,Male,23,17100000,9710962528,Entertainment,TRANS TV Official,148225,Indonesia,143531
532,Liza Koshy,Male,27,17100000,2173106162,Comedy,Liza Koshy,142,United States,143532
533,Queen Official,Male,40,17000000,10847948832,Music,Queen Official,1015,United Kingdom,143533
534,Prajapati News,Male,29,17000000,1001465469,Comedy,Prajapati News,1407,India,143534
535,Gaby and Alex,Male,35,17000000,8229883114,Entertainment,gabyandalex,1,nan,143535
536,LuisFonsiVEVO,Male,27,17000000,14543594822,Music,LuisFonsiVEVO,97,United States,143536
537,Pop Chartbusters,Male,37,16900000,8684010451,Music,Pop Chartbusters,2235,India,143537
538,Guava Juice,Male,29,16900000,9111000228,Gaming,Guava Juice,1910,United States,143538
539,EeOneGuy,Male,36,16900000,3827906874,Entertainment,EeOneGuy,366,United States,143539
540,VICE,Male,37,16900000,4609753237,Entertainment,VICE,3900,United States,143540
541,Aayu and Pihu Show,Male,37,16900000,9270331567,Comedy,Aayu and Pihu Show,441,India,143541
542,Danny Fitt,Male,31,16900000,9544277833,People & Blogs,Danny Fitt,2337,United States,143542
543,Bispo Bruno Leonardo,Male,28,16900000,3523578665,Nonprofits & Activism,Bispo Bruno Leonardo,4891,Brazil,143543
544,DeToxoMoroxo,Male,21,16800000,2315962318,Entertainment,de toxomoroxo,1,nan,143544
545,Doggy Doggy Cartoons,Male,22,16800000,6518418501,Entertainment,Doggy Doggy Cartoons,0,nan,143545
546,deepesh zo,Male,35,16800000,7206462713,People & Blogs,deepesh zo,41,nan,143546
547,Like Nastya IDN,Male,39,16800000,7195314800,Entertainment,Like Nastya IDN,502,Indonesia,143547
548,Gato Galactico | GALï¿½ï¿,Male,34,16800000,3693798804,Film & Animation,Gato Galactico | GALï¿½ï¿,1491,Brazil,143548
549,Salman Noman,Male,25,16700000,10393037902,Entertainment,salman Noman,3,nan,143549
550,CoryxKenshin,Male,26,16700000,7102965621,Gaming,CoryxKenshin,1693,United States,143550
551,With Kids[ï¿½ï¿½ï¿½ï¿½ï,Male,30,16700000,8826138204,Entertainment,With Kids[ï¿½ï¿½ï¿½ï¿½ï,920,United States,143551
552,Travis Scott,Male,25,16700000,7979736581,Music,Travis Scott,13,United States,143552
553,Tu COSMOPOLIS,Male,25,16700000,5089284369,People & Blogs,Tu COSMOPOLIS,8741,Mexico,143553
554,Ivana Alawi,Male,29,16600000,1318442641,nan,Ivana Alawi,180,Philippines,143554
555,Werever2morro,Male,32,16600000,2798273962,Entertainment,werever2morro,0,Mexico,143555
556,IDEAS EN 5 MINUTOS,Male,29,16600000,3696973456,Howto & Style,Ideas En 5 Minutos,216,Spain,143556
557,NMF News,Male,32,16600000,7435180827,News & Politics,NMF News,112261,India,143557
558,SriBalajiMovies,Male,30,16600000,9439857193,Entertainment,SriBalajiMovies,20102,India,143558
559,Lahari Music - TSeries,Male,25,16600000,11946217860,Music,Lahari Music - TSeries,8976,India,143559
560,Younes Zarou,Male,35,16600000,15278668857,Entertainment,Younes Zarou,2200,Germany,143560
561,Jordan Matter,Male,34,16600000,5819508534,Entertainment,Jordan Matter,413,United States,143561
562,ýýýýýýýý ýýýýýýýýýýýýýýýýýýýýýý,Male,24,16500000,2440934034,Entertainment,ýýýýýýýý ýýýýýýýýýýýýýýýýýýýýýý,421,United States,143562
563,FailArmy,Male,31,16500000,3037260680,Comedy,FailArmy,438,United States,143563
564,BBC News Hindi,Male,24,16500000,7043235131,News & Politics,BBC News Hindi,21243,India,143564
565,FunFun Toy Doll TV,Male,24,16500000,7406207930,Entertainment,FunFun Toy Doll TV,735,United States,143565
566,Sandra Cires Art,Male,37,16400000,3955426159,Howto & Style,Sandra Cires Art,1091,United States,143566
567,Kaykai Salaider,Male,32,16400000,4434679706,Comedy,Kaykai Salaider,428,Thailand,143567
568,UFC - Ultimate Fighting Championship,Male,27,16400000,7135820721,Sports,UFC - Ultimate Fighting Championship,14662,United States,143568
569,Ch7HD,Male,33,16400000,9463244435,Entertainment,Ch7HD,56203,Thailand,143569
570,RCTI - LAYAR DRAMA INDONESIA,Male,25,16400000,13478392540,Entertainment,RCTI - LAYAR DRAMA INDONESIA,1,nan,143570
571,Alfredo Larin,Female,37,16400000,14431830557,Entertainment,Alfredo Larin,1,nan,143571
572,GMMTV OFFICIALï¿½ï¿½,Female,32,16400000,12844432341,Entertainment,GMMTV OFFICIALï¿½ï¿½,23952,Thailand,143572
573,Matt Stonie,Female,27,16300000,3527627264,Entertainment,MattStonie,54,United States,143573
574,Boyce Avenue,Female,32,16300000,6578828147,Music,Boyce Avenue,490,United States,143574
575,Camila Cabello,Female,24,16300000,6613422635,Music,Camila Cabello,80,United States,143575
576,Little Mix,Female,30,16300000,7520242626,Music,Little Mix,278,United Kingdom,143576
577,SAM SMITH,Female,29,16300000,10170264839,Music,SAM SMITH,230,United Kingdom,143577
578,Pitbull,Female,38,16300000,12475714382,Music,Pitbull,352,United States,143578
579,Bollywood Classics,Female,24,16300000,7141825267,Entertainment,Bollywood Classics,1444,India,143579
580,Technoblade,Female,33,16300000,1656452554,Gaming,Technoblade,989,United States,143580
581,W2S,Female,33,16300000,4768370464,Gaming,W2S,652,United Kingdom,143581
582,Jennifer Lopez,Female,31,16200000,10227242833,Music,Jennifer Lopez,258,United States,143582
583,Kids Play,Female,36,16200000,8091706232,Entertainment,Kids Play,593,United States,143583
584,T3ddy,Female,33,16200000,2990185467,Comedy,T3ddy,1930,Brazil,143584
585,JJ Olatunji,Female,40,16200000,4076692623,Gaming,JJ Olatunji,1294,United Kingdom,143585
586,POPS Kids,Female,27,16200000,9763592867,Music,POPS Kids,3943,Vietnam,143586
587,Thairath Online,Female,35,16200000,14563841315,News & Politics,Thairath Online,244899,Thailand,143587
588,LEGO,Female,21,16200000,20522339099,Entertainment,LEGO,31889,Singapore,143588
589,XO TEAM,Female,23,16200000,14784781923,People & Blogs,XO TEAM Family,189,United States,143589
590,AdMe,Female,33,16200000,4488680903,Entertainment,Aday Cï¿½ï¿½ï¿½ï¿½ï,10,Spain,143590
591,ExtraPolinesios,Female,23,16200000,4813127504,People & Blogs,Extra polinesios,2,nan,143591
592,Dyland PROS,Female,34,16100000,1517638132,Entertainment,Dyland PROS,2805,Indonesia,143592
593,Live,Female,33,16100000,0,nan,Live,0,nan,143593
594,Vlad and Niki ARA,Female,37,16100000,7399296005,nan,Vlad and Niki ARA,510,United States,143594
595,Canal IN,Female,21,16100000,2687443643,People & Blogs,Canal IN,723,Brazil,143595
596,TWICE,Female,36,16100000,5055576881,Music,TWICE,1123,nan,143596
597,Daily Dose Of Internet,Female,23,16100000,6872702790,Entertainment,Daily Dose Of Internet,671,United States,143597
598,FitDance,Female,29,16100000,7126210721,Music,Fitdance Academy,41,France,143598
599,Panda Shorts,Female,22,16100000,7155736006,nan,Panda Shorts,667,Sweden,143599
600,Disney Junior,Female,22,16100000,15812009296,Entertainment,Disney Junior,4045,United States,143600
601,La Rosa de Guadalupe,Female,24,16100000,9642146451,Entertainment,larosadeguadalupe,0,Mexico,143601
602,sagar kalra (Shorts),Female,30,16000000,6543629679,People & Blogs,sagar kalra (Shorts),453,nan,143602
603,wifistudy,Female,36,16000000,3018032423,Education,wifistudy by Unacademy,52144,India,143603
604,Antrax,Female,32,16000000,3029872908,Gaming,Antrax,687,Mexico,143604
605,Enes Batur,Female,31,16000000,9786595271,Gaming,enesbatur,0,nan,143605
606,Totoy kids - Espaï¿½ï,Female,29,16000000,5997599089,Film & Animation,Totoy kids - Espaï¿½ï,344,Mexico,143606
607,ýýýýýýýýýý,Female,30,15900000,1845329502,People & Blogs,Kung Fu Padla,0,Russia,143607
608,DopeLyrics,Female,40,15900000,9962188084,Music,DopeLyrics,2035,United States,143608
609,jeffreestar,Female,31,15900000,2609358468,Howto & Style,jeffreestar,433,United States,143609
610,Lyna,Female,21,15900000,6534326412,Gaming,Lyna,4906,Argentina,143610
611,MK MUSIC,Female,40,15900000,9198986881,Music,MK MUSIC,5105,Brazil,143611
612,Unspeakable,Female,40,15900000,9052367553,Gaming,Unspeakable,796,United States,143612
613,Camilo,Female,25,15900000,6802382479,Music,Camilo,132,Colombia,143613
614,Dear Sir,Female,21,15800000,1349288771,Education,Dear Sir,633,India,143614
615,Narendra Modi,Female,30,15800000,3392918989,News & Politics,Narendra Modi,20679,India,143615
616,Arif muhammad,Female,21,15800000,4122634467,People & Blogs,Arif muhammad,542,Indonesia,143616
617,Rotten Tomatoes Trailers,Female,22,15800000,13116313599,Film & Animation,Rotten Tomatoes Trailers,10441,United States,143617
618,Volga Video,Female,32,15700000,9787697838,Film & Animation,Volga Video,16874,India,143618
619,DM - Desi Melodies,Female,35,15700000,5914071870,Music,DM - Desi Melodies,79,India,143619
620,MY FAMILY,Female,36,15700000,6153495609,nan,My Family,150,Singapore,143620
621,Team Films Bhojpuri,Female,34,15700000,6626563508,Music,Team Films Bhojpuri,19703,India,143621
622,Zee Music Classic,Female,31,15700000,5558051295,Music,Zee Music Classic,1640,India,143622
623,Prime Video India,Female,22,15700000,8696631898,Entertainment,Prime Video India,7090,United States,143623
624,Caeli YT,Female,29,15600000,1511794214,Entertainment,Caeli YT,483,Mexico,143624
625,Kuplinov ï¿½ï¿½ï¿,Female,35,15600000,6862529416,Gaming,Kuplinov ï¿½ï¿½ï¿,6623,nan,143625
626,Linus Tech Tips,Male,22,15600000,7172386509,Science & Technology,Linus Tech Tips,6542,Canada,143626
627,Juliana Baltar,Male,23,15600000,3869457097,Entertainment,Juliana Baltar,2019,Brazil,143627
628,5-Minute Crafts FAMILY,Male,33,15600000,6165757696,People & Blogs,5-Minute Crafts FAMILY,4245,United States,143628
629,Blippi Espaï¿½ï,Male,36,15500000,8984089026,People & Blogs,Blippi Espaï¿½ï,598,Mexico,143629
630,Super Senya,Male,26,15500000,5070970714,Entertainment,Super Senya,0,nan,143630
631,Katakit Baby TV,Male,33,15500000,6386271870,Music,Katakit Baby TV,220,Saudi Arabia,143631
632,Infobells Bangla,Male,39,15500000,7776706184,Education,Infobells Bangla,359,India,143632
633,ýýýýýýýý ýý ýýýýýýýý,Male,29,15500000,8265129639,Shows,ýýýýýýýý ýý ýýýýýýýý,1021,Saudi Arabia,143633
634,Henrique e Juliano,Male,22,15500000,14619523361,Music,Henrique e Juliano,325,Brazil,143634
635,Mr DegrEE,Male,23,15500000,12880388253,Science & Technology,MrDegree,0,United States,143635
636,Kashvi Adlakha,Male,40,15500000,12714141740,Entertainment,Kashvi Adlakha,1525,India,143636
637,Talking Tom & Friends,Male,25,15500000,6396049701,Entertainment,Talking Tom & Friends,417,United States,143637
638,ýýýýýýýý ýýýýýýýýýýýýýý ýýýý 5 ýýýýýýýýýý,Male,26,15500000,4499826716,Howto & Style,ýýýýýýýý ýýýýýýýýýýýýýý ýýýý 5 ýýýýýýýýýý,5183,Egypt,143638
639,Harsh Beniwal,Male,26,15400000,1781226000,Comedy,Harsh Beniwal,165,India,143639
640,FFUNTV,Male,37,15400000,11513738907,Gaming,FFUNTV,379,United Arab Emirates,143640
641,Mobile Legends: Bang Bang,Male,24,15400000,1543608082,Gaming,Mobile Legends: Bang Bang,1647,United States,143641
642,Roman Atwood Vlogs,Male,29,15400000,5469103954,People & Blogs,Roman Atwood Vlogs,1756,United States,143642
643,Mrwhosetheboss,Male,24,15400000,3736069980,Science & Technology,Mrwhosetheboss,1577,United Kingdom,143643
644,Genierock,Male,22,15400000,14564170905,Music,Genierock,1725,Thailand,143644
645,zayn,Male,33,15400000,4909687948,Music,zayn,21,United States,143645
646,Kerajinan 5-Menit,Male,39,15400000,4750420071,People & Blogs,Kerajinan 5-Menit,4186,Indonesia,143646
647,FC Barcelona,Male,34,15300000,2656528205,Sports,FC Barcelona,10988,Spain,143647
648,Dave and Ava - Nursery Rhymes and Baby Songs,Male,22,15300000,10714145606,Education,Dave and Ava - Nursery Rhymes and Baby Songs,851,United States,143648
649,LOKESH GAMER,Male,22,15300000,1640078055,Gaming,LOKESH GAMER,1397,India,143649
650,ILYA BORZOV,Male,28,15300000,9938811455,People & Blogs,ILYA BORZOV,2175,Russia,143650
651,Mazhavil Manorama,Male,25,15300000,16545966132,Entertainment,Mazhavil Manorama,87864,India,143651
652,Pokï¿½ï¿½ï¿½ï¿½ï¿½ï¿½ï¿½ï¿½ï¿½,Male,38,15200000,857725714,People & Blogs,Pokï¿½ï¿½ï¿½ï¿½ï¿½ï¿½ï¿½ï¿½ï¿½,194,India,143652
653,The MriDul,Male,37,15200000,4503880875,Comedy,The MriDul,106,India,143653
654,Niana Guerrero,Male,38,15200000,1491452935,Entertainment,Niana Guerrero,443,Philippines,143654
655,SRK MUSIC,Male,26,15200000,6391679636,Music,SRK MUSIC,5056,India,143655
656,Sony LIV,Male,24,15200000,7151683497,Entertainment,Sony LIV,11099,India,143656
657,T-Series Hamaar Bhojpuri,Male,25,15200000,7564652648,Entertainment,T-Series Hamaar Bhojpuri,9862,India,143657
658,Oyuncak Avï¿,Male,40,15200000,8333387785,Entertainment,Oyuncak Avï¿,654,Turkey,143658
659,CNN,Male,30,15200000,14198154095,News & Politics,CNN,160405,United States,143659
660,NDTV India,Male,30,15200000,6624168155,News & Politics,NDTV India,91704,India,143660
661,It's Mamix,Male,21,15100000,1777072487,People & Blogs,It's Mamix,210,United States,143661
662,Kim Loaiza,Male,38,15100000,1576633086,Music,Kim Loaiza,18,nan,143662
663,Daftar Populer,Male,28,15100000,2143140898,Education,Daftar Populer,3810,Indonesia,143663
664,Musas,Male,32,15100000,2400037562,Howto & Style,Jordi Sala,159,Andorra,143664
665,Ranz Kyle,Male,25,15100000,1760131384,People & Blogs,Ranz Kyle,533,Philippines,143665
666,PowerfulJRE,Male,31,15100000,3060202847,People & Blogs,PowerfulJRE,1037,United States,143666
667,Mariale,Male,21,15100000,2761547758,Howto & Style,Mariale,2618,United States,143667
668,Makiman131,Male,26,15100000,4236036141,Gaming,Makiman131,2997,Spain,143668
669,Hongyu ASMR ï¿½ï¿½,Male,22,15100000,4967784343,People & Blogs,Hongyu ASMR ï¿½ï¿½ï,1,nan,143669
670,Mohamed Ramadan I ï¿½ï¿½ï¿½ï¿½ï¿½ï¿½ï,Male,37,15100000,5324913850,People & Blogs,Mohamed Ramadan I ï¿½ï¿½ï¿½ï¿½ï¿½ï¿½ï,753,Egypt,143670
671,EdisonPts,Male,26,15100000,6668507856,Gaming,EdisonPts,3733,Russia,143671
672,BIGBANG,Male,31,15100000,7857371770,Music,BIGBANG,776,South Korea,143672
673,Rubï¿½ï¿½ï¿½ï¿½ï¿½ï¿½,Male,35,15100000,9477021288,Comedy,Rubï¿½ï¿½ï¿½ï¿½ï¿½ï¿½,921,Argentina,143673
674,ABS-CBN News,Female,39,15100000,10489367372,News & Politics,ABS-CBN News,209520,Philippines,143674
675,Chapitosiki,Female,26,15100000,13897932103,Entertainment,Chapitosiki,2717,Russia,143675
676,AdeleVEVO,Female,35,15100000,12413869881,Music,AdeleVEVO,52,United Kingdom,143676
677,MoreAliA,Female,31,15000000,4352427049,Gaming,MoreAliA,2324,United Kingdom,143677
678,Chetan Monga Vlogs,Female,39,15000000,9924103188,People & Blogs,Chetan Monga Vlogs,899,India,143678
679,Little Angel - Mï¿½ï¿½ï¿½ï¿½ï¿½ï¿½ï¿½ï¿½ï¿½ï¿½,Female,34,15000000,8897705695,Entertainment,Little Angel - Mï¿½ï¿½ï¿½ï¿½ï¿½ï¿½ï¿½ï¿½ï¿½ï¿½ï¿½,795,Brazil,143679
680,League of Legends,Female,32,15000000,7159750970,Gaming,League of Legends,1362,United States,143680
681,TheRichest,Female,30,15000000,2730879024,Education,Therichest,0,United States,143681
682,XpressTV,Female,32,15000000,4008801873,Entertainment,XpressTV,724,Mexico,143682
683,PlayStation,Female,21,15000000,4741434420,Gaming,PlayStation,20292,United States,143683
684,Kwebbelkop,Female,37,15000000,6889304306,Gaming,Kwebbelkop,5198,United States,143684
685,Republic Bharat,Female,37,15000000,7536093065,News & Politics,Gyani Beast,206,India,143685
686,THE BROWN SIBLINGS,Female,21,15000000,8658553456,Entertainment,THE BROWN SIBLINGS,965,India,143686
687,Sony Music South,Female,38,15000000,9978734160,Music,Sony Music South,2726,India,143687
688,BigSchool,Female,26,15000000,9996133066,Gaming,Big School,68,nan,143688
689,Ray William Johnson,Female,36,15000000,10239836582,Entertainment,Ray William Johnson,1803,United States,143689
690,KOMPASTV,Female,30,15000000,11827310821,News & Politics,KOMPASTV,269050,Indonesia,143690
691,ISSEI / ï¿½ï¿½ï¿½ï¿½,Female,38,15000000,13562853889,Comedy,ISSEI / ï¿½ï¿½ï¿½ï¿½,1788,Japan,143691
692,Zï¿½ï¿½ï¿½ï¿½ï¿½ï¿½ï,Female,29,15000000,11506702632,Music,Zï¿½ï¿½ï¿½ï¿½ï¿½ï¿½ï,340,Brazil,143692
693,A2 Motivation by Arvind Arora,Female,37,15000000,8932038210,Entertainment,A2 Motivation by Arvind Arora,3168,India,143693
694,50 Cent,Female,24,14900000,10069000444,Music,50 Cent,419,United States,143694
695,MNCTV OFFICIAL,Female,39,14900000,8074260978,Entertainment,MNCTV OFFICIAL,66362,Indonesia,143695
696,ERB,Female,21,14900000,4033400167,Entertainment,ERB,86,United States,143696
697,melanie martinez,Female,28,14900000,4395184343,Music,melanie martinez,127,United States,143697
698,iTownGamePlay *Terror&Diversiï¿½ï,Female,21,14900000,4977284539,Entertainment,iTownGamePlay *Terror&Diversiï¿½ï,8420,Spain,143698
699,ýýýýýýýýýýýý8 : Thai Ch8,Female,24,14900000,5549770244,Entertainment,ýýýýýýýýýýýý8 : Thai Ch8,27944,Thailand,143699
700,ZutiGang,Female,31,14900000,15913320995,People & Blogs,ZutiGang,1363,nan,143700
701,ýýýýýý,Female,23,14900000,439098,People & Blogs,ýýýýýý,1,Russia,143701
702,TazerCraft,Female,34,14900000,5956193599,Gaming,TazerCraft,4175,Brazil,143702
703,Bayashi TV,Female,27,14900000,8615618825,Entertainment,ýýýýýýýýýýýýýýýýýýBAYASHITV,93,Japan,143703
704,Fueled By Ramen,Female,36,14800000,13356517783,Music,Fueled By Ramen,1210,United States,143704
705,CrashCourse,Female,39,14800000,1833519700,Education,CrashCourse,1481,United States,143705
706,MattyBRaps,Female,25,14800000,3587576784,Music,MattyBRaps,195,United States,143706
707,Lachlan,Female,36,14800000,5269059435,Gaming,Lachlan,3834,Australia,143707
708,ýýýýýýýý ýýýýýýýý,Female,25,14800000,7018015062,Howto & Style,ýýýýýýýý ýýýýýýýý,2387,Ukraine,143708
709,Meghan Trainor,Female,21,14800000,8649303688,People & Blogs,Meghan Trainor,233,United States,143709
710,Jorge & Mateus Oficial,Female,32,14800000,9076642765,Music,Jorge & Mateus Oficial,318,Brazil,143710
711,Major Lazer Official,Female,36,14800000,9383431376,Music,MajorLazerOfficial,0,nan,143711
712,Beast Philanthropy,Female,32,14800000,272678287,People & Blogs,Beast Philanthropy,34,Germany,143712
713,Filaretiki,Female,37,14800000,15788208522,nan,Filaretiki,2222,United States,143713
714,5-Minute Crafts Recycle,Female,38,14800000,8866012877,People & Blogs,5-Minute Crafts Recycle,3867,United States,143714
715,ýýýýýýýýýý ýýýýýýýýýýýý,Female,37,14700000,2230986039,Entertainment,ýýýýýýýýýý ýýýýýýýýýýýý,1385,Saudi Arabia,143715
716,Maha Fun Tv,Female,36,14700000,1321380490,Entertainment,Maha Fun Tv,85,United States,143716
717,Canal Nostalgia,Female,38,14700000,1506796393,Entertainment,Canal Nostalgia TV,554,Spain,143717
718,The Slow Mo Guys,Female,30,14700000,2465473772,Entertainment,The Slow Mo Guys,317,United States,143718
719,StudyIQ IAS,Female,37,14700000,4029253667,Education,StudyIQ IAS,43564,India,143719
720,Chad Wild Clay,Female,39,14700000,6751985988,Comedy,Chad Wild Clay,698,United States,143720
721,CollegeHumor,Female,37,14700000,7255848125,Comedy,CollegeHumor,4340,United States,143721
722,Netflix Jr.,Female,22,14700000,8882319696,Education,Netflix Jr.,1996,United States,143722
723,Colors Rishtey,Female,28,14700000,12362331529,Entertainment,Colors Rishtey,23490,India,143723
724,ABC News,Female,35,14700000,12961669452,News & Politics,ABC News,80830,United States,143724
725,Camila Loures,Female,22,14700000,4684983333,Music,Camila Loures,3978,Brazil,143725
726,Doc Tops,Female,40,14600000,2613197447,Entertainment,Doc Tops,490,Ecuador,143726
727,Auron,Female,33,14600000,3337074920,People & Blogs,Auron,961,Spain,143727
728,Jesser,Female,40,14600000,3603556207,Gaming,Jesser,1244,United States,143728
729,Planeta das Gï¿½ï¿½,Female,34,14600000,4622581344,People & Blogs,Planeta das Gï¿½ï¿½,951,Brazil,143729
730,PrestonPlayz,Female,30,14600000,5766647017,Gaming,Preston,4009,United States,143730
731,Martin Garrix,Female,34,14600000,6017932195,Music,Martin Garrix,365,United States,143731
732,O Reino Infantil,Female,21,14600000,11182302317,Music,O Reino Infantil,1206,Brazil,143732
733,Fifth Harmony,Female,37,14600000,7952268926,Music,Fifth Harmony,67,United States,143733
734,Mis Pastelitos,Female,32,14600000,2750902766,Howto & Style,Mis Pastelitos,603,Mexico,143734
735,Noman Official,Female,37,14600000,5525773746,Comedy,Noman Official,560,India,143735
736,LEGENDA FUNK,Female,23,14500000,2440718089,Music,LegendaFUNK,0,Brazil,143736
737,Like Nastya Stories,Female,37,14500000,6944967581,Entertainment,Like Nastya Stories,479,United States,143737
738,les boys tv2,Female,24,14500000,4577292740,Entertainment,les boys tv2,453,United States,143738
739,Lotus Music,Female,22,14500000,1739129375,nan,Lotus Music,514,India,143739
740,IDEIAS INCRï¿½ï¿½,Female,34,14500000,3551889957,Howto & Style,IDEIAS INCRï¿½ï¿½,5430,Brazil,143740
741,Reaction Time,Female,32,14500000,4260187928,Entertainment,Reaction Time,1717,United States,143741
742,BBC News,Female,39,14500000,4598387043,News & Politics,BBC News,18972,United Kingdom,143742
743,Eli Kids - Cartoons & Songs,Female,23,14500000,4821183481,nan,Eli Kids - Cartoons & Songs,605,United States,143743
744,Boram Tube ToysReview [ï¿½ï¿½ï¿½ï¿½ï¿½ï¿½ï¿½ï¿½ï¿,Male,29,14500000,5014888374,People & Blogs,Boram Tube ToysReview [ï¿½ï¿½ï¿½ï¿½ï¿½ï¿½ï¿½ï¿½ï,618,South Korea,143744
745,Aadishakti Films,Male,30,14500000,6290721701,Music,Aadishakti Films,4790,India,143745
746,Telemundo,Male,33,14500000,8582696157,Entertainment,Telemundo,19201,United States,143746
747,GMM25Thailand,Male,38,14500000,9383692066,Entertainment,GMM25Thailand,68606,Thailand,143747
748,TV9 Bharatvarsh,Male,35,14500000,10303519926,People & Blogs,TV9 Bharatvarsh,293516,India,143748
749,Maroon5VEVO,Male,32,14500000,20042571499,Music,Maroon5VEVO,147,United States,143749
750,Saad Lamjarred | ï¿½ï¿½ï¿½ï¿½ï¿½ï¿,Male,33,14500000,4315486422,Music,Saad Lamjarred | ï¿½ï¿½ï¿½ï¿½ï¿½ï¿,176,Morocco,143750
751,Hear This Music,Male,35,14500000,9201428420,Music,Hear This Music,39,nan,143751
752,Lilly Singh,Male,38,14500000,3517662420,Comedy,Lilly Singh,1064,Canada,143752
753,ýýýýýýýýýýýýýýýýýýýýý,Male,27,14400000,600154268,Entertainment,ýýýýýýýýýýýýýýýýýýýýý,364,South Korea,143753
754,Gyan Gamingï¿½,Male,39,14400000,2224121890,Gaming,Gyan Gamingï¿½,3086,India,143754
755,Drawblogs,Male,39,14400000,1629801448,Entertainment,Drawblogs,399,Peru,143755
756,NOBRU,Male,24,14400000,351763324,Gaming,nobru,2,nan,143756
757,ýýýýýýýýýýýý ýýýýýýýýýýýý I ýýýýýý ýý ýýýýýýýýýý,Male,28,14400000,2972474215,Entertainment,ýýýýýýýýýýýý ýýýýýýýýýýýý I ýýýýýý ýý ýýýýýýýýý,381,Saudi Arabia,143757
758,Cyprien,Male,40,14400000,3086254545,Comedy,Cyprien,222,France,143758
759,Rclbeauty101,Male,30,14400000,3900312631,Comedy,Rclbeauty101,463,United States,143759
760,Coke Studio,Male,22,14400000,4035738731,Music,Rohail Hyatt,450,United States,143760
761,Indore Physical Academy,Male,21,14400000,4156427797,People & Blogs,Indore Physical Academy,1838,India,143761
762,Rosanna Pansino,Male,28,14400000,4597228794,Howto & Style,Rosanna Pansino,1248,United States,143762
763,Harry Styles,Male,23,14400000,5689224452,People & Blogs,harrystyles,0,United States,143763
764,Vlad and Niki PRT,Male,37,14400000,6543282459,nan,Vlad and Niki PRT,516,United States,143764
765,RS 1313 SHORTS,Male,38,14400000,8011977288,Entertainment,RS 1313 SHORTS,5628,India,143765
766,Zig & Sharko,Male,27,14400000,9023952946,Film & Animation,Zig & Sharko,978,nan,143766
767,SelenaGomezVEVO,Male,21,14400000,11423792969,Music,SelenaGomezVEVO,186,United States,143767
768,ZEE5,Male,38,14400000,18515587421,Entertainment,ZEE5,101401,India,143768
769,Super Polina,Male,38,14300000,4776507159,People & Blogs,Super Polina,576,United States,143769
770,Rebecca Zamolo,Male,22,14300000,6388439235,Comedy,RebeccaZamolo,1,United States,143770
771,Wish 107.5,Male,25,14200000,6048517979,Music,Wish 107.5,1823,Philippines,143771
772,Invento na Hora,Male,21,14200000,4040297006,Film & Animation,Invento na Hora,1281,Brazil,143772
773,SIS vs BRO,Male,32,14200000,6973932553,Entertainment,SiS,60,Ukraine,143773
774,NikkieTutorials,Male,32,14200000,1778318927,Howto & Style,NikkieTutorials,876,Netherlands,143774
775,TommyInnit,Male,25,14200000,2084791147,Gaming,TommyInnit,342,United Kingdom,143775
776,E-MasterSensei,Male,23,14200000,3920559552,Gaming,E-MasterSensei,1300,Mexico,143776
777,infobells - Kannada,Male,23,14200000,6554000320,Education,infobells - Kannada,433,India,143777
778,Crazy Frog,Male,37,14200000,7946322061,Music,CrazyFrog,0,nan,143778
779,The Dodo,Male,36,14200000,9964116817,Pets & Animals,Dorukhan Gï¿½ï¿½ï,8,nan,143779
780,SEVENGERS,Male,28,14200000,10238593147,Comedy,SEVENGERS,872,India,143780
781,Zee Bangla,Male,32,14200000,11428794827,Entertainment,Zee Bangla,132398,India,143781
782,DangMattSmith,Male,39,14200000,3317805543,Entertainment,DangMattSmith,1724,United States,143782
783,Neha Kakkar,Male,30,14100000,2131548711,Music,Neha Kakkar,149,India,143783
784,#Refugio Mental,Male,39,14100000,3594936775,Entertainment,#Refugio Mental,846,nan,143784
785,ýýýýýýýýýýýýýýýýýýýý ýýýýýýýýýýýýýýýýýýýý,Male,27,14100000,3920221322,Entertainment,ýýýýýýýýýýýýýýýýýýýý ýýýýýýýýýýýýýýýýýýýý,65,nan,143785
786,Trap City,Male,21,14100000,5129529846,Music,TrapCity,3,Australia,143786
787,Supercar Blondie,Male,32,14100000,5405563355,Autos & Vehicles,Supercar Blondie,855,United Arab Emirates,143787
788,Yudist Ardhana,Male,35,14100000,6036496916,Entertainment,Yudist Ardhana,2854,Indonesia,143788
789,Lana Del Rey,Male,39,14100000,6884215292,Music,Lana Del Rey,43,United States,143789
790,MalumaVEVO,Male,29,14100000,19013942981,Music,MalumaVEVO,182,United States,143790
791,F2Freestylers - Ultimate Soccer Skills Channel,Male,25,14100000,3280481927,Sports,F2Freestylers - Ultimate Soccer Skills Channï¿½,777,United Kingdom,143791
792,Bie The Ska,Male,26,14100000,4627069704,Entertainment,Bie The Ska,1540,Thailand,143792
793,AM3NlC,Male,36,14000000,4959982720,Gaming,AM3NlC,5757,Brazil,143793
794,Narins Beauty,Male,30,14000000,2214167846,Howto & Style,Narins Beauty,431,Sweden,143794
795,TV Ana Emilia,Male,38,14000000,4674164601,People & Blogs,TV Ana Emilia,651,Mexico,143795
796,ýýýýýýýýýýýý,Male,23,14000000,7719743112,Gaming,ýýýýýýýýýýýý,2210,Russia,143796
797,Luli Pampï¿½,Male,39,14000000,8623705301,Music,Luli Pampï¿½,294,Spain,143797
798,Gallina Pintadita,Male,30,14000000,9660950823,Music,Gallina Pintadita,62,Mexico,143798
799,ViralHog,Male,38,14000000,18917687143,People & Blogs,ViralHog,41117,United States,143799
800,ETV Jabardasth,Male,37,14000000,13542939513,People & Blogs,ETV Jabardasth,9652,India,143800
801,Zee Telugu,Male,21,14000000,12597067132,Entertainment,zeetelugu,3,India,143801
802,Crescendo com Luluca,Male,30,14000000,5094050461,Entertainment,Crescendo com Luluca,1307,Brazil,143802
803,Jazzghost,Male,35,13900000,5673347763,Gaming,Jazzghost,5494,Brazil,143803
804,karameeshchannel,Male,31,13900000,9106781518,Entertainment,karameeshchannel,2254,Jordan,143804
805,Darkar Company Studios,Male,36,13900000,2244318380,Film & Animation,Darkar Company Studios,183,United States,143805
806,Dental Digest,Male,37,13900000,7450345720,People & Blogs,Dental Digest,324,nan,143806
807,T-Series Regional,Male,39,13900000,5217553897,Entertainment,T-Series Regional,15075,India,143807
808,ADEL et SAMI,Male,22,13900000,5465532801,Entertainment,ADEL et SAMI,503,United States,143808
809,Jamuna TV,Male,32,13900000,12129583055,News & Politics,jamuna tv24,6,Bangladesh,143809
810,Atlantic Records,Male,22,13900000,12513842343,Music,Atlantic Records,1660,United States,143810
811,ýýýýýýýý ýý ýýýýýýýýýýýý,Male,29,13900000,8451754769,nan,ýýýýýýýý ýý ýýýýýýýýýýýý,504,United States,143811
812,Veritasium,Male,36,13900000,2165885634,Education,Veritasium,369,United States,143812
813,Alexa Rivera,Male,33,13900000,3193226072,Howto & Style,Alexa Rivera,288,nan,143813
814,Airrack,Male,23,13800000,2224911030,Entertainment,Airrack,173,United States,143814
815,Hacksmith Industries,Male,22,13800000,1820559912,Science & Technology,Hacksmith Industries,887,Canada,143815
816,JD Pantoja,Male,30,13800000,1493776391,People & Blogs,JD Pantoja,16,nan,143816
817,ýýýýýýýý/Atro,Male,25,13800000,2480957682,Gaming,ýýýýýýýý/Atro,1952,Netherlands,143817
818,123 GO! Spanish,Male,30,13800000,5019136690,People & Blogs,123 GO! Spanish,520,Mexico,143818
819,Geo News,Male,39,13800000,5727888539,News & Politics,Geo News,190093,Pakistan,143819
820,Kids TV India Hindi Nursery Rhymes,Male,22,13800000,6646953396,Shows,Kids TV India Hindi Nursery Rhymes,1505,India,143820
821,Think Music India,Male,40,13800000,11039343563,Music,Think Music India,4978,India,143821
822,O Que Nï¿½ï¿½ï¿½ï¿½ï¿½ï¿,Male,35,13700000,1967930734,Comedy,O Que Nï¿½ï¿½ï¿½ï¿½ï¿½ï¿,696,Brazil,143822
823,Goldmines Premiere,Male,27,13700000,1973638757,Entertainment,Goldmines Premiere,975,India,143823
824,MAIKI021,Male,31,13700000,1950178163,Entertainment,MAIKI021,3298,Brazil,143824
825,The Vishal bhatt,Male,26,13700000,9596430464,Comedy,The Vishal bhatt,1040,India,143825
826,NishaMadhulika,Male,25,13700000,2939201386,Howto & Style,NishaMadhulika,2158,India,143826
827,MyMissAnand,Male,34,13700000,4963275018,People & Blogs,MyMissAnand,340,India,143827
828,FAPTV,Male,34,13700000,5457203710,Comedy,FAPTV,863,Vietnam,143828
829,Wesley Safadï¿½,Male,24,13700000,8134379376,Music,Wesley Safadï¿½,438,Brazil,143829
830,infobells,Male,24,13700000,5178142148,Education,infobells,495,India,143830
831,Desi Gamers,Male,32,13700000,2135195239,Gaming,Desi gamers,1,nan,143831
832,Acenix,Male,37,13600000,2122062016,Gaming,Acenix,368,Spain,143832
833,Zeinab Harake,Male,34,13600000,896891351,nan,Zeinab Harake,273,Philippines,143833
834,DALLMYD,Male,38,13600000,1948925559,Sports,DALLMYD,412,United States,143834
835,Lindsey Stirling,Male,33,13600000,3764608356,Music,Lindsey Stirling,199,United States,143835
836,JOJO TV - Hindi Stories,Male,33,13600000,5141201173,Education,JOJO TV - Hindi Stories,1097,India,143836
837,BBC,Male,34,13600000,9685060624,Pets & Animals,BBC,16047,United Kingdom,143837
838,Saturday Night Live,Male,29,13600000,14717282742,Entertainment,Saturday Night Live,8335,United States,143838
839,BUDI01 GAMING,Male,38,13500000,1181292450,Gaming,BUDI01 GAMING,319,Indonesia,143839
840,Typical Gamer,Male,36,13500000,4301581610,Gaming,Typical Gamer,4312,Canada,143840
841,Anaysa,Male,39,13500000,3445794123,Howto & Style,Anaysa,591,India,143841
842,JULIA GISELLA,Male,31,13500000,5380132790,Entertainment,Julia Gisella,19,United Kingdom,143842
843,Awakening Music,Male,30,13500000,5545936485,Music,Awakening Music,814,United Kingdom,143843
844,Lady Diana,Male,31,13500000,8265920659,Entertainment,Lady Diana,1403,Ukraine,143844
845,Sanjoy Das Official,Male,21,13500000,3912334359,Entertainment,Sanjoy Das Official,1793,India,143845
846,Woody & Kleiny,Male,34,13500000,11717217293,Comedy,Woody & Kleiny,975,United Kingdom,143846
847,Vijay Kumar Viner Vlogs,Male,23,13500000,7958771872,Entertainment,Vijay Kumar Viner Vlogs,1357,India,143847
848,Conor Maynard,Male,21,13500000,2750993392,Music,Conor Maynard,321,United States,143848
849,Wengie,Male,37,13500000,1900272833,Howto & Style,Wengie,462,United States,143849
850,Vlad y Niki Show,Male,22,13400000,4622628957,nan,Vlad y Niki Show,477,United States,143850
851,Codiscos,Male,22,13400000,11789678655,Music,Codiscos,7356,Colombia,143851
852,The World Adventures ï¿½ï¿½ï¿½ï¿½ï¿½ï¿½,Male,22,13400000,2139769210,People & Blogs,The World Adventures ï¿½ï¿½ï¿½ï¿½ï¿½ï¿½,1028,India,143852
853,Vibhu 96,Male,31,13400000,20563378,nan,Vibhu 96,256,India,143853
854,Blockbuster Movies,Male,37,13400000,2650061211,Entertainment,Blockbuster Movies,0,India,143854
855,ATHLEAN-Xï¿½,Male,29,13400000,2319515787,Howto & Style,ATHLEAN-Xï¿½,1349,United States,143855
856,My Mate Nate,Male,25,13400000,3363634923,Comedy,My Mate Nate,1195,Thailand,143856
857,H2ODelirious,Male,31,13400000,4356686216,Gaming,H2ODelirious,3727,United States,143857
858,GMA Integrated News,Male,22,13400000,9569814790,News & Politics,GMA Integrated News,296272,Philippines,143858
859,Peet Montzingo,Male,23,13400000,10022557589,People & Blogs,Peet Montzingo,319,United States,143859
860,The Q,Male,28,13400000,4306212515,People & Blogs,Tom Duggan,96,United States,143860
861,Trakin Tech,Male,38,13300000,2262690743,Science & Technology,Trakin Tech,3640,India,143861
862,theRadBrad,Male,25,13300000,6050102764,Gaming,theRadBrad,8195,United States,143862
863,Matt Steffanina,Male,33,13300000,3299216601,Entertainment,Matt Steffanina,331,United States,143863
864,Stray Kids,Male,22,13300000,3364230487,People & Blogs,straykids,3,nan,143864
865,Kurt Hugo Schneider,Male,30,13300000,3733856870,Entertainment,Kurt Hugo Schneider,698,United States,143865
866,Vogue,Male,23,13300000,4177184071,Entertainment,Vogue,3166,United States,143866
867,ýýýýýýýýýýýýýýýýýý,Male,34,13300000,6482687220,People & Blogs,ýýýýýýýýýýýýýýýýýý,608,Russia,143867
868,Kids Lineï¿½ï¿½ï¿½ï¿½ï¿½ï¿½ï¿½,Male,23,13300000,9088562002,People & Blogs,Kids Lineï¿½ï¿½ï¿½ï¿½ï¿½ï¿½ï¿½,2742,United States,143868
869,VexTrex,Male,34,13300000,7923901253,Entertainment,VexTrex,2411,Ukraine,143869
870,penguinz0,Male,33,13300000,7773543609,Gaming,penguinz0,4613,United States,143870
871,Just For Laughs Gags,Male,38,13300000,7406628736,Comedy,Just For Laughs Gags,6916,United States,143871
872,Kabita's Kitchen,Male,28,13300000,2831275503,Howto & Style,Kabita's Kitchen,1489,India,143872
873,BanderitaX,Male,40,13300000,4129249415,Gaming,BanderitaX,1640,Saudi Arabia,143873
874,AzzyLand,Male,36,13300000,6412313570,Gaming,AzzyLand,1749,Canada,143874
875,HUBAï¿½ï¿½,Male,36,13200000,9884886099,Entertainment,HUBAï¿½ï¿½,538,United States,143875
876,BIBO ï¿½ï¿½ï¿½ï¿½ï¿½ï¿,Male,37,13200000,1148422000,Entertainment,BIBO ï¿½ï¿½ï¿½ï¿½ï¿½ï¿,192,Russia,143876
877,Brawl Stars,Male,27,13200000,2036408398,Gaming,Brawl Stars,172,Finland,143877
878,Ei Nerd,Male,32,13200000,3568392223,Entertainment,Einerd,0,nan,143878
879,Sonotek Bhakti,Male,26,13200000,3789736218,Entertainment,Sonotek Bhakti,8019,India,143879
880,Vilmei,Male,25,13200000,4205664894,nan,Vilmei,1324,Indonesia,143880
881,MC Divertida,Male,23,13200000,5224764969,Entertainment,MC Divertida,413,Brazil,143881
882,The Infographics Show,Male,22,13200000,5263540904,Education,The Infographics Show,4279,United States,143882
883,jbalvinVEVO,Male,23,13200000,20743586601,Music,jbalvinVEVO,237,Colombia,143883
884,ýýýýýýTwinsFromRussia,Male,39,13200000,9378175604,People & Blogs,ýýýýýýTwinsFromRussia,6888,United States,143884
885,Technology Gyan,Male,29,13200000,1138262456,Science & Technology,Technology Gyan,1022,India,143885
886,CookingShooking Hindi,Male,32,13200000,1758603195,People & Blogs,CookingShooking Hindi,393,India,143886
887,Ryan Trahan,Male,30,13100000,2182651464,Entertainment,Ryan Trahan,33,United States,143887
888,Alex Gonzaga Official,Male,36,13100000,1401914513,People & Blogs,Alex Gonzaga Official,287,Philippines,143888
889,WiederDude,Male,29,13100000,2733682792,nan,WiederDude,289,United States,143889
890,Ian Boggs,Male,36,13100000,9110348202,Entertainment,Ian Boggs,1327,nan,143890
891,Lokdhun Punjabi,Male,30,13100000,4712624489,Music,Lokdhun Punjabi,1262,India,143891
892,Knowledge Tv ï¿½ï¿½ï¿½ï¿½ï¿½ï¿½,Male,30,13100000,1936582704,People & Blogs,Knowledge Tv ï¿½ï¿½ï¿½ï¿½ï¿½ï¿½,7,nan,143892
893,Painzeiro,Male,24,13100000,2555801802,People & Blogs,Painzeiro,1077,Brazil,143893
894,Peppa Pig em Portuguï¿½ï¿½ï¿½ï¿½ï¿½ï¿½ï¿½ï¿½ï¿,Male,30,13100000,4214172991,Film & Animation,Peppa Pig em Portuguï¿½ï¿½ï¿½ï¿½ï¿½ï¿½ï¿½ï¿½ï¿½,1365,Brazil,143894
895,ýýýýýýýýýýýýýýý Ms Yeah,Male,22,13100000,4399833602,People & Blogs,ýýýýýýýýýýýýýýý Ms Yeah,435,United States,143895
896,Hungria Hip Hop,Male,22,13100000,4608751851,Music,Hungria Hip Hop,73,Brazil,143896
897,RaptorGamer,Male,38,13100000,2879263916,People & Blogs,RaptorGamer,1444,Ecuador,143897
898,RedeTV,Male,28,13100000,5333569294,Entertainment,RedeTV,36760,Brazil,143898
899,twenty one pilots,Male,32,13100000,5264039679,Music,twenty one pilots,194,United States,143899
900,DJ Khaled,Male,35,13100000,6637820731,Music,DjKhaled,12,Samoa,143900
901,Davie504,Male,39,13000000,2683297849,Entertainment,Davie504,838,Italy,143901
902,Everson Zoio,Male,35,13000000,1024467771,Comedy,Everson Zoio,625,Brazil,143902
903,Calon Sarjana,Male,35,13000000,10664585,Entertainment,Calon Sarjana,29,Indonesia,143903
904,Lofi Girl,Male,29,13000000,1698279553,Music,Lofi Girl,409,France,143904
905,Jomy Production,Male,27,13000000,5057163256,Entertainment,SRK Edie soon,8,India,143905
906,GH'S,Male,30,13000000,8739174649,Gaming,GH'S,510,South Korea,143906
907,JesseAndMike,Male,40,13000000,9999238237,Entertainment,JesseAndMike,716,United States,143907
908,Wolfoo Channel,Male,32,13000000,301547793,nan,Wolfoo Channel,22,Pakistan,143908
909,Susy Mouriz,Male,26,13000000,6270909026,Entertainment,Susy Mouriz,1299,Mexico,143909
910,7 Minutoz,Male,31,13000000,4349562794,Music,7 Minutoz,521,Brazil,143910
911,The LaBrant Fam,Male,36,13000000,4637474071,Comedy,The LaBrant Fam,612,United States,143911
912,Pastor Antï¿½ï¿½ï¿½ï¿½ï,Male,36,12900000,2112274210,People & Blogs,Pastor Antï¿½ï¿½ï¿½ï¿½ï,4712,Brazil,143912
913,Matheus Yurley,Male,29,12900000,140022442,Entertainment,Matheus Yurley,69,Brazil,143913
914,gymvirtual,Male,28,12900000,2509752944,Sports,gymvirtual,1572,Spain,143914
915,BIBOï¿½ï¿½ï¿½ï¿½ï,Male,23,12900000,3178222797,Entertainment,BIBOï¿½ï¿½ï¿½ï¿½ï,193,South Korea,143915
916,Top Viral Talent,Male,30,12900000,3643698504,Entertainment,Top Viral Talent,1598,United States,143916
917,Akon,Male,23,12900000,6300933122,Music,Akon,39,United States,143917
918,AlArabiya ï¿½ï¿½ï¿½ï¿½ï¿,Male,22,12900000,7520379951,People & Blogs,AlArabiya ï¿½ï¿½ï¿½ï¿½ï¿,169304,United Arab Emirates,143918
919,Rauw Alejandro,Male,37,12900000,11504090820,Music,Rauw Alejandro,168,nan,143919
920,EnriqueIglesiasVEVO,Male,35,12900000,15446707595,Music,EnriqueIglesiasVEVO,137,United States,143920
921,ýýýýýýýý ýýýý ýýýýýýýýýýýýýý,Male,24,12900000,5585085130,Shows,ýýýýýýýý ýýýý ýýýýýýýýýýýýýý,1255,Ukraine,143921
922,The Shiny Peanut,Male,38,12900000,2848466522,Education,The Shiny Peanut,2337,Indonesia,143922
923,Talking Angela,Male,40,12800000,3632438963,Entertainment,Talking Angela,233,United Kingdom,143923
924,Melon City Show - ï¿½ï¿½ï¿½ï¿½ï¿½ï¿½ï¿½ï¿½ï¿½ï¿½ï¿,Male,30,12800000,5863456698,Comedy,Melon City Show - ï¿½ï¿½ï¿½ï¿½ï¿½ï¿½ï¿½ï¿½ï¿½ï¿,1727,Iraq,143924
925,Duo Tiempo De Sol,Male,31,12800000,6662288136,Music,Duo Tiempo De Sol,323,Spain,143925
926,Troom Troom India,Male,27,12800000,6804072897,Howto & Style,Troom Troom India,2385,nan,143926
927,MrSuicideSheep,Male,29,12800000,6970899521,Entertainment,MrSuicideSheep,3483,Canada,143927
928,Adam W,Male,31,12800000,9502983550,Comedy,Adam W,681,United States,143928
929,Right to Shiksha,Male,38,12800000,7876740921,Education,Right to Shiksha,2044,India,143929
930,Beyoncï¿½ï¿½,Male,33,12800000,14185611472,Music,Beyoncï¿½ï¿½,168,United States,143930
931,FACT FIRE KING,Male,28,12700000,1159290255,nan,FACT FIRE KING,782,India,143931
932,Ian Lucas,Male,33,12700000,1450874545,Entertainment,Ian Lucas,50,nan,143932
933,Franco Escamilla,Male,28,12700000,4266957149,Comedy,Franco Escamilla,2483,Mexico,143933
934,Adexe & Nau,Male,24,12700000,4579773883,Music,Adexe & Nau,594,Spain,143934
935,Diana and Roma IND,Male,31,12700000,5567832210,nan,Diana and Roma IND,534,United States,143935
936,Jass Records,Male,23,12700000,5958994201,Music,JassRecords,1,nan,143936
937,Future,Male,26,12700000,9927699419,Music,Future AMV's,119,United States,143937
938,YoungBoy Never Broke Again,Male,22,12700000,13174393401,Entertainment,YoungBoy Never Broke Again,142,United States,143938
939,Blossom,Male,26,12700000,4733873025,Howto & Style,Blossom,812,United States,143939
940,#Refï¿½ï¿½ï¿½ï¿½,Male,34,12700000,2709954270,Entertainment,#Refugio Mental,846,nan,143940
941,Piuzinho,Male,32,12700000,1081285962,Gaming,Piuzinho,504,Brazil,143941
942,Heidi y Zidane,Male,39,12700000,6001189018,nan,Heidi y Zidane,600,United States,143942
943,Go Ami Go!,Male,39,12700000,1714955279,People & Blogs,Go Ami Go!,252,Colombia,143943
944,Morgz,Male,35,12600000,3303595310,Gaming,Morgz,825,United Kingdom,143944
945,CaseyNeistat,Male,21,12600000,3152402405,People & Blogs,CaseyNeistat,1101,United States,143945
946,ýýýýýýýýýSULGI,Male,21,12600000,3485373675,People & Blogs,ýýýýýýýýýSULGI,683,South Korea,143946
947,NickiMinajAtVEVO,Male,27,12600000,8831179714,Music,NickiMinajAtVEVO,99,United States,143947
948,Ellie Goulding,Male,30,12600000,6969178081,Music,Ellie Goulding,218,United Kingdom,143948
949,colinfurze,Male,33,12500000,1612094871,Entertainment,colinfurze,385,United Kingdom,143949
950,People Vs Food,Male,31,12500000,1136534702,Entertainment,People Vs Food,601,United States,143950
951,Wolfoo Family,Male,29,12500000,161254021,nan,Wolfoo Family,61,United States,143951
952,Ja Mill,Male,27,12500000,1302818088,People & Blogs,jamill,0,nan,143952
953,Health Time,Male,37,12500000,1002219689,Howto & Style,Health Time,1810,India,143953
954,Yair17,Male,29,12500000,1402042328,Gaming,Yair17,1109,Mexico,143954
955,Little Baby Bum en Espaï¿½ï,Male,38,12500000,6956320454,Education,Little Baby Bum en Espaï¿½ï,1459,Spain,143955
956,First We Feast,Male,38,12500000,2983799729,Howto & Style,First We Feast,1076,United States,143956
957,Mï¿½ï¿½ï¿½ï¿½,Male,37,12500000,3140883140,Travel & Events,Mï¿½ï¿½ï¿½ï¿½,766,Mexico,143957
958,Bebefinn - Nursery Rhymes & Kids Songs,Male,29,12500000,4163639093,nan,Bebefinn - Nursery Rhymes & Kids Songs,322,United States,143958
959,Troom Troom PT,Male,26,12500000,4384177908,Howto & Style,Troom Troom PT,2738,nan,143959
960,Parafernalha,Male,24,12500000,4625777945,Entertainment,Parafernalha,1888,Brazil,143960
961,NDTV,Male,40,12500000,4935793409,Entertainment,NDTV,151136,India,143961
962,elcarteldesantatv,Male,36,12500000,7489455451,Music,elcarteldesantatv,377,Mexico,143962
963,Family Fitness,Male,36,12500000,10384848759,Entertainment,Family Fitness,1699,India,143963
964,Zee Tamil,Male,37,12500000,11552190002,Entertainment,Zee Tamil,102699,India,143964
965,Flowers Comedy,Male,23,12500000,11691081301,Entertainment,Flowers Comedy,11907,India,143965
966,Mundo Bita,Male,22,12500000,16690788752,Music,Mundo Bita,253,Brazil,143966
967,Wave Music Bhakti,Male,36,12500000,5146004207,Music,Wave Music Bhakti,19899,India,143967
968,Troom Troom Indonesia,Male,25,12500000,5379684248,People & Blogs,TROOM TROOM INDONESIA,8,nan,143968
969,CKM,Male,26,12500000,4465772496,Comedy,CKM,117,India,143969
970,Quantum Tech HD,Male,26,12500000,4340213066,Science & Technology,Mr_Mughall Gaming,223,Pakistan,143970
971,_vector_,Male,34,12400000,7597013023,Comedy,_vector_,398,United States,143971
972,DEV Ke Facts,Male,29,12400000,1971226335,nan,DEV Ke Facts,218,India,143972
973,Hero Movies 2023,Male,34,12400000,1689090619,People & Blogs,Hero Movies 2023,689,nan,143973
974,LOUD,Male,24,12400000,2394143260,Gaming,WatchLOUD,690,United States,143974
975,Gibby :),Male,33,12400000,2862685032,People & Blogs,Gibby :),226,Mexico,143975
976,Gustavo Parï¿½ï¿½,Male,37,12400000,2602614088,Comedy,GustavoParodias,9,Brazil,143976
977,SAAIHALILINTAR,Male,34,12400000,1113066203,Entertainment,SAAIHALILINTAR,409,Indonesia,143977
978,Timba Vk,Male,31,12400000,2840137980,Gaming,Timba Vk,1024,Spain,143978
979,Heidi and Zidane HZHtube,Male,28,12400000,4021409291,Entertainment,Heidi and Zidane HZHtube,813,Canada,143979
980,DaniRep | +6 Vï¿½ï¿½ï¿½ï¿½ï¿½ï¿½ï¿½ï¿½ï¿½ï¿½ï,Male,31,12400000,6933660906,Gaming,DaniRep | +6 Vï¿½ï¿½ï¿½ï¿½ï¿½ï¿½ï¿½ï¿½ï¿½ï¿½ï,12419,Spain,143980
981,Zee Kids,Male,21,12400000,7683670251,Film & Animation,Zee Kids,1212,India,143981
982,Pari's Lifestyle,Male,26,12400000,7741764747,People & Blogs,Pari's Lifestyle,459,India,143982
983,DisneyChannelUK,Male,31,12400000,12607488647,Music,DisneyChannelUK,4422,United Kingdom,143983
984,MoniLina,Male,21,12400000,16086808918,Comedy,MoniLinaFamily,0,United States,143984
985,bharatzkitchen HINDI,Male,24,12400000,2315226648,Howto & Style,bharatzkitchen HINDI,729,India,143985
986,TKOR,Male,32,12400000,3392022527,Education,TKoR,0,nan,143986
987,ANNA KOVA,Male,21,12400000,13959586308,People & Blogs,annakova,1,nan,143987
988,Avril Lavigne,Male,30,12400000,6202090191,Music,Avril Lavigne,205,United States,143988
989,Caylus,Male,33,12400000,4779139505,Education,Caylus,1340,United States,143989
990,Migos ATL,Male,22,12400000,6993406259,Music,Migos ATL,99,United States,143990
991,Natan por Aï¿,Male,24,12300000,9029609749,Sports,Natan por Aï¿,1200,Brazil,143991
992,Free Fire India Official,Male,29,12300000,1674409945,People & Blogs,Free Fire India Official,1500,India,143992
993,Panda,Male,31,12300000,2214684303,nan,HybridPanda,2452,United Kingdom,143993
994,RobTopGames,Male,31,12300000,374123483,Gaming,RobTopGames,39,Sweden,143994
995,Make Joke Of,Male,25,12300000,2129773714,Comedy,Make Joke Of,62,India,143995
